--
-- PostgreSQL database dump
--

-- Dumped from database version 17.5
-- Dumped by pg_dump version 17.5

SET statement_timeout = 0;
SET lock_timeout = 0;
SET idle_in_transaction_session_timeout = 0;
SET transaction_timeout = 0;
SET client_encoding = 'UTF8';
SET standard_conforming_strings = on;
SELECT pg_catalog.set_config('search_path', '', false);
SET check_function_bodies = false;
SET xmloption = content;
SET client_min_messages = warning;
SET row_security = off;

SET default_tablespace = '';

SET default_table_access_method = heap;

--
-- Name: Accountapp_addontable; Type: TABLE; Schema: public; Owner: admin
--

CREATE TABLE public."Accountapp_addontable" (
    id bigint NOT NULL,
    name character varying(100) NOT NULL,
    description character varying(200),
    image character varying(100),
    price double precision,
    created_at timestamp with time zone NOT NULL,
    updated_at timestamp with time zone NOT NULL,
    item_id bigint NOT NULL,
    quantity integer
);


ALTER TABLE public."Accountapp_addontable" OWNER TO admin;

--
-- Name: Accountapp_addontable_id_seq; Type: SEQUENCE; Schema: public; Owner: admin
--

ALTER TABLE public."Accountapp_addontable" ALTER COLUMN id ADD GENERATED BY DEFAULT AS IDENTITY (
    SEQUENCE NAME public."Accountapp_addontable_id_seq"
    START WITH 1
    INCREMENT BY 1
    NO MINVALUE
    NO MAXVALUE
    CACHE 1
);


--
-- Name: Accountapp_addresstable; Type: TABLE; Schema: public; Owner: admin
--

CREATE TABLE public."Accountapp_addresstable" (
    id bigint NOT NULL,
    name character varying(100) NOT NULL,
    phone character varying(15) NOT NULL,
    address character varying(455),
    city character varying(100) NOT NULL,
    state character varying(100) NOT NULL,
    postal_code character varying(20) NOT NULL,
    country character varying(100) NOT NULL,
    latitude double precision,
    longitude double precision,
    is_default boolean NOT NULL,
    created_at timestamp with time zone NOT NULL
);


ALTER TABLE public."Accountapp_addresstable" OWNER TO admin;

--
-- Name: Accountapp_addresstable_id_seq; Type: SEQUENCE; Schema: public; Owner: admin
--

ALTER TABLE public."Accountapp_addresstable" ALTER COLUMN id ADD GENERATED BY DEFAULT AS IDENTITY (
    SEQUENCE NAME public."Accountapp_addresstable_id_seq"
    START WITH 1
    INCREMENT BY 1
    NO MINVALUE
    NO MAXVALUE
    CACHE 1
);


--
-- Name: Accountapp_billtable; Type: TABLE; Schema: public; Owner: admin
--

CREATE TABLE public."Accountapp_billtable" (
    id bigint NOT NULL,
    bill_number character varying(50) NOT NULL,
    subtotal double precision NOT NULL,
    tax double precision NOT NULL,
    discount double precision NOT NULL,
    status character varying(20) NOT NULL,
    payment_method character varying(20),
    paid_at character varying(100),
    total_amount double precision NOT NULL,
    created_at timestamp with time zone NOT NULL,
    branch_id bigint,
    table_id bigint,
    order_id bigint NOT NULL,
    waiter_id bigint
);


ALTER TABLE public."Accountapp_billtable" OWNER TO admin;

--
-- Name: Accountapp_billtable_id_seq; Type: SEQUENCE; Schema: public; Owner: admin
--

ALTER TABLE public."Accountapp_billtable" ALTER COLUMN id ADD GENERATED BY DEFAULT AS IDENTITY (
    SEQUENCE NAME public."Accountapp_billtable_id_seq"
    START WITH 1
    INCREMENT BY 1
    NO MINVALUE
    NO MAXVALUE
    CACHE 1
);


--
-- Name: Accountapp_branchtable; Type: TABLE; Schema: public; Owner: admin
--

CREATE TABLE public."Accountapp_branchtable" (
    id bigint NOT NULL,
    name character varying(100) NOT NULL,
    place character varying(100),
    address character varying(255) NOT NULL,
    phone character varying(15),
    latitude double precision,
    longitude double precision,
    floors integer,
    created_at timestamp with time zone NOT NULL,
    updated_at timestamp with time zone NOT NULL,
    manager_id bigint,
    email character varying(255),
    fssai_lic_no character varying(255),
    image character varying(100)
);


ALTER TABLE public."Accountapp_branchtable" OWNER TO admin;

--
-- Name: Accountapp_branchtable_id_seq; Type: SEQUENCE; Schema: public; Owner: admin
--

ALTER TABLE public."Accountapp_branchtable" ALTER COLUMN id ADD GENERATED BY DEFAULT AS IDENTITY (
    SEQUENCE NAME public."Accountapp_branchtable_id_seq"
    START WITH 1
    INCREMENT BY 1
    NO MINVALUE
    NO MAXVALUE
    CACHE 1
);


--
-- Name: Accountapp_carouseltable; Type: TABLE; Schema: public; Owner: admin
--

CREATE TABLE public."Accountapp_carouseltable" (
    id bigint NOT NULL,
    image character varying(100) NOT NULL,
    branch_id bigint,
    offer_percentage double precision,
    created_at timestamp with time zone NOT NULL,
    category_id bigint NOT NULL,
    enddate timestamp with time zone,
    startdate timestamp with time zone
);


ALTER TABLE public."Accountapp_carouseltable" OWNER TO admin;

--
-- Name: Accountapp_carousel_id_seq; Type: SEQUENCE; Schema: public; Owner: admin
--

ALTER TABLE public."Accountapp_carouseltable" ALTER COLUMN id ADD GENERATED BY DEFAULT AS IDENTITY (
    SEQUENCE NAME public."Accountapp_carousel_id_seq"
    START WITH 1
    INCREMENT BY 1
    NO MINVALUE
    NO MAXVALUE
    CACHE 1
);


--
-- Name: Accountapp_carttable; Type: TABLE; Schema: public; Owner: admin
--

CREATE TABLE public."Accountapp_carttable" (
    id bigint NOT NULL,
    quantity character varying(100),
    price double precision,
    instruction character varying(200),
    added_at timestamp with time zone NOT NULL,
    updated_at timestamp with time zone NOT NULL,
    total_price double precision,
    addon_id bigint,
    fooditem_id bigint NOT NULL,
    userid_id bigint NOT NULL
);


ALTER TABLE public."Accountapp_carttable" OWNER TO admin;

--
-- Name: Accountapp_carttable_id_seq; Type: SEQUENCE; Schema: public; Owner: admin
--

ALTER TABLE public."Accountapp_carttable" ALTER COLUMN id ADD GENERATED BY DEFAULT AS IDENTITY (
    SEQUENCE NAME public."Accountapp_carttable_id_seq"
    START WITH 1
    INCREMENT BY 1
    NO MINVALUE
    NO MAXVALUE
    CACHE 1
);


--
-- Name: Accountapp_categorytable; Type: TABLE; Schema: public; Owner: admin
--

CREATE TABLE public."Accountapp_categorytable" (
    id bigint NOT NULL,
    name character varying(100) NOT NULL,
    created_at timestamp with time zone NOT NULL
);


ALTER TABLE public."Accountapp_categorytable" OWNER TO admin;

--
-- Name: Accountapp_categorytable_id_seq; Type: SEQUENCE; Schema: public; Owner: admin
--

ALTER TABLE public."Accountapp_categorytable" ALTER COLUMN id ADD GENERATED BY DEFAULT AS IDENTITY (
    SEQUENCE NAME public."Accountapp_categorytable_id_seq"
    START WITH 1
    INCREMENT BY 1
    NO MINVALUE
    NO MAXVALUE
    CACHE 1
);


--
-- Name: Accountapp_complainttable; Type: TABLE; Schema: public; Owner: admin
--

CREATE TABLE public."Accountapp_complainttable" (
    id bigint NOT NULL,
    complaint character varying(255),
    image character varying(100),
    reply character varying(200),
    created_at timestamp with time zone NOT NULL,
    updated_at timestamp with time zone NOT NULL,
    deliveryid_id bigint,
    userid_id bigint NOT NULL
);


ALTER TABLE public."Accountapp_complainttable" OWNER TO admin;

--
-- Name: Accountapp_complainttable_id_seq; Type: SEQUENCE; Schema: public; Owner: admin
--

ALTER TABLE public."Accountapp_complainttable" ALTER COLUMN id ADD GENERATED BY DEFAULT AS IDENTITY (
    SEQUENCE NAME public."Accountapp_complainttable_id_seq"
    START WITH 1
    INCREMENT BY 1
    NO MINVALUE
    NO MAXVALUE
    CACHE 1
);


--
-- Name: Accountapp_coupontable; Type: TABLE; Schema: public; Owner: admin
--

CREATE TABLE public."Accountapp_coupontable" (
    id bigint NOT NULL,
    code character varying(50) NOT NULL,
    description text,
    discount_percentage double precision,
    max_discount_amount double precision,
    min_order_amount double precision,
    valid_from character varying(25),
    valid_to character varying(25),
    is_active boolean NOT NULL,
    usage_limit character varying(25),
    used_count character varying(25)
);


ALTER TABLE public."Accountapp_coupontable" OWNER TO admin;

--
-- Name: Accountapp_coupontable_id_seq; Type: SEQUENCE; Schema: public; Owner: admin
--

ALTER TABLE public."Accountapp_coupontable" ALTER COLUMN id ADD GENERATED BY DEFAULT AS IDENTITY (
    SEQUENCE NAME public."Accountapp_coupontable_id_seq"
    START WITH 1
    INCREMENT BY 1
    NO MINVALUE
    NO MAXVALUE
    CACHE 1
);


--
-- Name: Accountapp_deliveryboytable; Type: TABLE; Schema: public; Owner: admin
--

CREATE TABLE public."Accountapp_deliveryboytable" (
    id bigint NOT NULL,
    name character varying(400) NOT NULL,
    phone character varying(15) NOT NULL,
    address character varying(255) NOT NULL,
    image character varying(100),
    idproof character varying(100),
    userid_id bigint NOT NULL,
    branch_id bigint,
    email character varying(100),
    license character varying(100)
);


ALTER TABLE public."Accountapp_deliveryboytable" OWNER TO admin;

--
-- Name: Accountapp_deliveryboytable_id_seq; Type: SEQUENCE; Schema: public; Owner: admin
--

ALTER TABLE public."Accountapp_deliveryboytable" ALTER COLUMN id ADD GENERATED BY DEFAULT AS IDENTITY (
    SEQUENCE NAME public."Accountapp_deliveryboytable_id_seq"
    START WITH 1
    INCREMENT BY 1
    NO MINVALUE
    NO MAXVALUE
    CACHE 1
);


--
-- Name: Accountapp_deliverytable; Type: TABLE; Schema: public; Owner: admin
--

CREATE TABLE public."Accountapp_deliverytable" (
    id bigint NOT NULL,
    name character varying(400) NOT NULL,
    phone character varying(15) NOT NULL,
    instruction character varying(450),
    created_at timestamp with time zone NOT NULL,
    updated_at timestamp with time zone NOT NULL,
    userid_id bigint NOT NULL,
    address_id bigint,
    order_id bigint
);


ALTER TABLE public."Accountapp_deliverytable" OWNER TO admin;

--
-- Name: Accountapp_deliverytable_id_seq; Type: SEQUENCE; Schema: public; Owner: admin
--

ALTER TABLE public."Accountapp_deliverytable" ALTER COLUMN id ADD GENERATED BY DEFAULT AS IDENTITY (
    SEQUENCE NAME public."Accountapp_deliverytable_id_seq"
    START WITH 1
    INCREMENT BY 1
    NO MINVALUE
    NO MAXVALUE
    CACHE 1
);


--
-- Name: Accountapp_diningtable; Type: TABLE; Schema: public; Owner: admin
--

CREATE TABLE public."Accountapp_diningtable" (
    id bigint NOT NULL,
    floor integer,
    table_number character varying(20) NOT NULL,
    seating_capacity integer,
    is_available boolean NOT NULL,
    created_at timestamp with time zone NOT NULL,
    branch_id bigint NOT NULL
);


ALTER TABLE public."Accountapp_diningtable" OWNER TO admin;

--
-- Name: Accountapp_diningtable_id_seq; Type: SEQUENCE; Schema: public; Owner: admin
--

ALTER TABLE public."Accountapp_diningtable" ALTER COLUMN id ADD GENERATED BY DEFAULT AS IDENTITY (
    SEQUENCE NAME public."Accountapp_diningtable_id_seq"
    START WITH 1
    INCREMENT BY 1
    NO MINVALUE
    NO MAXVALUE
    CACHE 1
);


--
-- Name: Accountapp_feedbacktable; Type: TABLE; Schema: public; Owner: admin
--

CREATE TABLE public."Accountapp_feedbacktable" (
    id bigint NOT NULL,
    feedback text NOT NULL,
    rating character varying(255),
    created_at timestamp with time zone NOT NULL,
    userid_id bigint NOT NULL
);


ALTER TABLE public."Accountapp_feedbacktable" OWNER TO admin;

--
-- Name: Accountapp_feedbacktable_id_seq; Type: SEQUENCE; Schema: public; Owner: admin
--

ALTER TABLE public."Accountapp_feedbacktable" ALTER COLUMN id ADD GENERATED BY DEFAULT AS IDENTITY (
    SEQUENCE NAME public."Accountapp_feedbacktable_id_seq"
    START WITH 1
    INCREMENT BY 1
    NO MINVALUE
    NO MAXVALUE
    CACHE 1
);


--
-- Name: Accountapp_floortable; Type: TABLE; Schema: public; Owner: admin
--

CREATE TABLE public."Accountapp_floortable" (
    id bigint NOT NULL,
    floor_number integer,
    name character varying(100),
    description character varying(255),
    branch_id bigint NOT NULL
);


ALTER TABLE public."Accountapp_floortable" OWNER TO admin;

--
-- Name: Accountapp_floortable_id_seq; Type: SEQUENCE; Schema: public; Owner: admin
--

ALTER TABLE public."Accountapp_floortable" ALTER COLUMN id ADD GENERATED BY DEFAULT AS IDENTITY (
    SEQUENCE NAME public."Accountapp_floortable_id_seq"
    START WITH 1
    INCREMENT BY 1
    NO MINVALUE
    NO MAXVALUE
    CACHE 1
);


--
-- Name: Accountapp_itemimagetable; Type: TABLE; Schema: public; Owner: admin
--

CREATE TABLE public."Accountapp_itemimagetable" (
    id bigint NOT NULL,
    image character varying(100),
    uploaded_at timestamp with time zone NOT NULL,
    item_id bigint NOT NULL
);


ALTER TABLE public."Accountapp_itemimagetable" OWNER TO admin;

--
-- Name: Accountapp_itemimagetable_id_seq; Type: SEQUENCE; Schema: public; Owner: admin
--

ALTER TABLE public."Accountapp_itemimagetable" ALTER COLUMN id ADD GENERATED BY DEFAULT AS IDENTITY (
    SEQUENCE NAME public."Accountapp_itemimagetable_id_seq"
    START WITH 1
    INCREMENT BY 1
    NO MINVALUE
    NO MAXVALUE
    CACHE 1
);


--
-- Name: Accountapp_itemtable; Type: TABLE; Schema: public; Owner: admin
--

CREATE TABLE public."Accountapp_itemtable" (
    id bigint NOT NULL,
    name character varying(100) NOT NULL,
    is_veg boolean NOT NULL,
    description character varying(200),
    price double precision,
    inventory integer NOT NULL,
    created_at timestamp with time zone NOT NULL,
    updated_at timestamp with time zone NOT NULL,
    fast_delivery boolean NOT NULL,
    newest boolean NOT NULL,
    category_id bigint NOT NULL,
    subcategory_id bigint,
    subsubcategory_id bigint,
    preparation_time double precision NOT NULL
);


ALTER TABLE public."Accountapp_itemtable" OWNER TO admin;

--
-- Name: Accountapp_itemtable_branches; Type: TABLE; Schema: public; Owner: admin
--

CREATE TABLE public."Accountapp_itemtable_branches" (
    id bigint NOT NULL,
    itemtable_id bigint NOT NULL,
    branchtable_id bigint NOT NULL
);


ALTER TABLE public."Accountapp_itemtable_branches" OWNER TO admin;

--
-- Name: Accountapp_itemtable_branches_id_seq; Type: SEQUENCE; Schema: public; Owner: admin
--

ALTER TABLE public."Accountapp_itemtable_branches" ALTER COLUMN id ADD GENERATED BY DEFAULT AS IDENTITY (
    SEQUENCE NAME public."Accountapp_itemtable_branches_id_seq"
    START WITH 1
    INCREMENT BY 1
    NO MINVALUE
    NO MAXVALUE
    CACHE 1
);


--
-- Name: Accountapp_itemtable_id_seq; Type: SEQUENCE; Schema: public; Owner: admin
--

ALTER TABLE public."Accountapp_itemtable" ALTER COLUMN id ADD GENERATED BY DEFAULT AS IDENTITY (
    SEQUENCE NAME public."Accountapp_itemtable_id_seq"
    START WITH 1
    INCREMENT BY 1
    NO MINVALUE
    NO MAXVALUE
    CACHE 1
);


--
-- Name: Accountapp_itemvarianttable; Type: TABLE; Schema: public; Owner: admin
--

CREATE TABLE public."Accountapp_itemvarianttable" (
    id bigint NOT NULL,
    variant_name character varying(50) NOT NULL,
    price double precision NOT NULL,
    item_id bigint
);


ALTER TABLE public."Accountapp_itemvarianttable" OWNER TO admin;

--
-- Name: Accountapp_itemvarianttable_id_seq; Type: SEQUENCE; Schema: public; Owner: admin
--

ALTER TABLE public."Accountapp_itemvarianttable" ALTER COLUMN id ADD GENERATED BY DEFAULT AS IDENTITY (
    SEQUENCE NAME public."Accountapp_itemvarianttable_id_seq"
    START WITH 1
    INCREMENT BY 1
    NO MINVALUE
    NO MAXVALUE
    CACHE 1
);


--
-- Name: Accountapp_logintable; Type: TABLE; Schema: public; Owner: admin
--

CREATE TABLE public."Accountapp_logintable" (
    id bigint NOT NULL,
    password character varying(128) NOT NULL,
    last_login timestamp with time zone,
    is_superuser boolean NOT NULL,
    username character varying(150) NOT NULL,
    first_name character varying(150) NOT NULL,
    last_name character varying(150) NOT NULL,
    email character varying(254) NOT NULL,
    is_staff boolean NOT NULL,
    date_joined timestamp with time zone NOT NULL,
    phone character varying(15),
    otp character varying(6),
    is_active boolean NOT NULL,
    created_at timestamp with time zone NOT NULL,
    notification_token character varying(455)
);


ALTER TABLE public."Accountapp_logintable" OWNER TO admin;

--
-- Name: Accountapp_logintable_groups; Type: TABLE; Schema: public; Owner: admin
--

CREATE TABLE public."Accountapp_logintable_groups" (
    id bigint NOT NULL,
    logintable_id bigint NOT NULL,
    group_id integer NOT NULL
);


ALTER TABLE public."Accountapp_logintable_groups" OWNER TO admin;

--
-- Name: Accountapp_logintable_groups_id_seq; Type: SEQUENCE; Schema: public; Owner: admin
--

ALTER TABLE public."Accountapp_logintable_groups" ALTER COLUMN id ADD GENERATED BY DEFAULT AS IDENTITY (
    SEQUENCE NAME public."Accountapp_logintable_groups_id_seq"
    START WITH 1
    INCREMENT BY 1
    NO MINVALUE
    NO MAXVALUE
    CACHE 1
);


--
-- Name: Accountapp_logintable_id_seq; Type: SEQUENCE; Schema: public; Owner: admin
--

ALTER TABLE public."Accountapp_logintable" ALTER COLUMN id ADD GENERATED BY DEFAULT AS IDENTITY (
    SEQUENCE NAME public."Accountapp_logintable_id_seq"
    START WITH 1
    INCREMENT BY 1
    NO MINVALUE
    NO MAXVALUE
    CACHE 1
);


--
-- Name: Accountapp_logintable_user_permissions; Type: TABLE; Schema: public; Owner: admin
--

CREATE TABLE public."Accountapp_logintable_user_permissions" (
    id bigint NOT NULL,
    logintable_id bigint NOT NULL,
    permission_id integer NOT NULL
);


ALTER TABLE public."Accountapp_logintable_user_permissions" OWNER TO admin;

--
-- Name: Accountapp_logintable_user_permissions_id_seq; Type: SEQUENCE; Schema: public; Owner: admin
--

ALTER TABLE public."Accountapp_logintable_user_permissions" ALTER COLUMN id ADD GENERATED BY DEFAULT AS IDENTITY (
    SEQUENCE NAME public."Accountapp_logintable_user_permissions_id_seq"
    START WITH 1
    INCREMENT BY 1
    NO MINVALUE
    NO MAXVALUE
    CACHE 1
);


--
-- Name: Accountapp_logintable_user_roles; Type: TABLE; Schema: public; Owner: admin
--

CREATE TABLE public."Accountapp_logintable_user_roles" (
    id bigint NOT NULL,
    logintable_id bigint NOT NULL,
    userrole_id bigint NOT NULL
);


ALTER TABLE public."Accountapp_logintable_user_roles" OWNER TO admin;

--
-- Name: Accountapp_logintable_user_roles_id_seq; Type: SEQUENCE; Schema: public; Owner: admin
--

ALTER TABLE public."Accountapp_logintable_user_roles" ALTER COLUMN id ADD GENERATED BY DEFAULT AS IDENTITY (
    SEQUENCE NAME public."Accountapp_logintable_user_roles_id_seq"
    START WITH 1
    INCREMENT BY 1
    NO MINVALUE
    NO MAXVALUE
    CACHE 1
);


--
-- Name: Accountapp_managertable; Type: TABLE; Schema: public; Owner: admin
--

CREATE TABLE public."Accountapp_managertable" (
    id bigint NOT NULL,
    name character varying(100) NOT NULL,
    phone character varying(15) NOT NULL,
    image character varying(100),
    address character varying(255),
    idproof character varying(100),
    qualification character varying(255),
    created_at timestamp with time zone NOT NULL,
    userid_id bigint NOT NULL,
    email character varying(15)
);


ALTER TABLE public."Accountapp_managertable" OWNER TO admin;

--
-- Name: Accountapp_managertable_id_seq; Type: SEQUENCE; Schema: public; Owner: admin
--

ALTER TABLE public."Accountapp_managertable" ALTER COLUMN id ADD GENERATED BY DEFAULT AS IDENTITY (
    SEQUENCE NAME public."Accountapp_managertable_id_seq"
    START WITH 1
    INCREMENT BY 1
    NO MINVALUE
    NO MAXVALUE
    CACHE 1
);


--
-- Name: Accountapp_offertable; Type: TABLE; Schema: public; Owner: admin
--

CREATE TABLE public."Accountapp_offertable" (
    id bigint NOT NULL,
    name character varying(100),
    startdate timestamp with time zone,
    enddate timestamp with time zone,
    offer_percentage double precision,
    offerdescription character varying(100),
    createdat timestamp with time zone NOT NULL,
    updatedat timestamp with time zone NOT NULL,
    branch_id bigint,
    itemid_id bigint NOT NULL
);


ALTER TABLE public."Accountapp_offertable" OWNER TO admin;

--
-- Name: Accountapp_offertable_id_seq; Type: SEQUENCE; Schema: public; Owner: admin
--

ALTER TABLE public."Accountapp_offertable" ALTER COLUMN id ADD GENERATED BY DEFAULT AS IDENTITY (
    SEQUENCE NAME public."Accountapp_offertable_id_seq"
    START WITH 1
    INCREMENT BY 1
    NO MINVALUE
    NO MAXVALUE
    CACHE 1
);


--
-- Name: Accountapp_orderitemtable; Type: TABLE; Schema: public; Owner: admin
--

CREATE TABLE public."Accountapp_orderitemtable" (
    id bigint NOT NULL,
    quantity character varying(100),
    price numeric(10,2) NOT NULL,
    instruction text,
    addon_id bigint,
    itemname_id bigint NOT NULL,
    order_id bigint
);


ALTER TABLE public."Accountapp_orderitemtable" OWNER TO admin;

--
-- Name: Accountapp_orderitemtable_id_seq; Type: SEQUENCE; Schema: public; Owner: admin
--

ALTER TABLE public."Accountapp_orderitemtable" ALTER COLUMN id ADD GENERATED BY DEFAULT AS IDENTITY (
    SEQUENCE NAME public."Accountapp_orderitemtable_id_seq"
    START WITH 1
    INCREMENT BY 1
    NO MINVALUE
    NO MAXVALUE
    CACHE 1
);


--
-- Name: Accountapp_ordertable; Type: TABLE; Schema: public; Owner: admin
--

CREATE TABLE public."Accountapp_ordertable" (
    id bigint NOT NULL,
    totalamount double precision,
    orderstatus character varying(20) NOT NULL,
    paymentstatus character varying(20) NOT NULL,
    created_at timestamp with time zone NOT NULL,
    updated_at timestamp with time zone NOT NULL,
    deliveryid_id bigint,
    userid_id bigint NOT NULL,
    branch_id bigint
);


ALTER TABLE public."Accountapp_ordertable" OWNER TO admin;

--
-- Name: Accountapp_ordertable_id_seq; Type: SEQUENCE; Schema: public; Owner: admin
--

ALTER TABLE public."Accountapp_ordertable" ALTER COLUMN id ADD GENERATED BY DEFAULT AS IDENTITY (
    SEQUENCE NAME public."Accountapp_ordertable_id_seq"
    START WITH 1
    INCREMENT BY 1
    NO MINVALUE
    NO MAXVALUE
    CACHE 1
);


--
-- Name: Accountapp_paymenttable; Type: TABLE; Schema: public; Owner: admin
--

CREATE TABLE public."Accountapp_paymenttable" (
    id bigint NOT NULL,
    transaction_id character varying(100) NOT NULL,
    payment_method character varying(20) NOT NULL,
    amount double precision,
    status character varying(20) NOT NULL,
    payment_date timestamp with time zone NOT NULL,
    details character varying(100),
    order_id bigint NOT NULL
);


ALTER TABLE public."Accountapp_paymenttable" OWNER TO admin;

--
-- Name: Accountapp_paymenttable_id_seq; Type: SEQUENCE; Schema: public; Owner: admin
--

ALTER TABLE public."Accountapp_paymenttable" ALTER COLUMN id ADD GENERATED BY DEFAULT AS IDENTITY (
    SEQUENCE NAME public."Accountapp_paymenttable_id_seq"
    START WITH 1
    INCREMENT BY 1
    NO MINVALUE
    NO MAXVALUE
    CACHE 1
);


--
-- Name: Accountapp_printertable; Type: TABLE; Schema: public; Owner: admin
--

CREATE TABLE public."Accountapp_printertable" (
    id bigint NOT NULL,
    name character varying(100) NOT NULL,
    ip_address inet,
    branch_id bigint NOT NULL
);


ALTER TABLE public."Accountapp_printertable" OWNER TO admin;

--
-- Name: Accountapp_printertable_id_seq; Type: SEQUENCE; Schema: public; Owner: admin
--

ALTER TABLE public."Accountapp_printertable" ALTER COLUMN id ADD GENERATED BY DEFAULT AS IDENTITY (
    SEQUENCE NAME public."Accountapp_printertable_id_seq"
    START WITH 1
    INCREMENT BY 1
    NO MINVALUE
    NO MAXVALUE
    CACHE 1
);


--
-- Name: Accountapp_printertable_subsubcategories; Type: TABLE; Schema: public; Owner: admin
--

CREATE TABLE public."Accountapp_printertable_subsubcategories" (
    id bigint NOT NULL,
    printertable_id bigint NOT NULL,
    subsubcategorytable_id bigint NOT NULL
);


ALTER TABLE public."Accountapp_printertable_subsubcategories" OWNER TO admin;

--
-- Name: Accountapp_printertable_subsubcategories_id_seq; Type: SEQUENCE; Schema: public; Owner: admin
--

ALTER TABLE public."Accountapp_printertable_subsubcategories" ALTER COLUMN id ADD GENERATED BY DEFAULT AS IDENTITY (
    SEQUENCE NAME public."Accountapp_printertable_subsubcategories_id_seq"
    START WITH 1
    INCREMENT BY 1
    NO MINVALUE
    NO MAXVALUE
    CACHE 1
);


--
-- Name: Accountapp_profiletable; Type: TABLE; Schema: public; Owner: admin
--

CREATE TABLE public."Accountapp_profiletable" (
    id bigint NOT NULL,
    name character varying(100) NOT NULL,
    phone character varying(15) NOT NULL,
    image character varying(100),
    dob character varying(20),
    created_at timestamp with time zone NOT NULL,
    updated_at timestamp with time zone NOT NULL,
    loginid_id bigint NOT NULL,
    email character varying(255),
    address_id bigint
);


ALTER TABLE public."Accountapp_profiletable" OWNER TO admin;

--
-- Name: Accountapp_profiletable_id_seq; Type: SEQUENCE; Schema: public; Owner: admin
--

ALTER TABLE public."Accountapp_profiletable" ALTER COLUMN id ADD GENERATED BY DEFAULT AS IDENTITY (
    SEQUENCE NAME public."Accountapp_profiletable_id_seq"
    START WITH 1
    INCREMENT BY 1
    NO MINVALUE
    NO MAXVALUE
    CACHE 1
);


--
-- Name: Accountapp_ratingtable; Type: TABLE; Schema: public; Owner: admin
--

CREATE TABLE public."Accountapp_ratingtable" (
    id bigint NOT NULL,
    rating_type character varying(10),
    rating character varying(10),
    comment character varying(100),
    createdat timestamp with time zone NOT NULL,
    updatedat timestamp with time zone NOT NULL,
    itemid_id bigint,
    userid_id bigint NOT NULL
);


ALTER TABLE public."Accountapp_ratingtable" OWNER TO admin;

--
-- Name: Accountapp_ratingtable_id_seq; Type: SEQUENCE; Schema: public; Owner: admin
--

ALTER TABLE public."Accountapp_ratingtable" ALTER COLUMN id ADD GENERATED BY DEFAULT AS IDENTITY (
    SEQUENCE NAME public."Accountapp_ratingtable_id_seq"
    START WITH 1
    INCREMENT BY 1
    NO MINVALUE
    NO MAXVALUE
    CACHE 1
);


--
-- Name: Accountapp_spotlighttable; Type: TABLE; Schema: public; Owner: admin
--

CREATE TABLE public."Accountapp_spotlighttable" (
    id bigint NOT NULL,
    image character varying(100) NOT NULL,
    offer_percentage double precision NOT NULL,
    created_at timestamp with time zone NOT NULL,
    branch_id bigint,
    category_id bigint
);


ALTER TABLE public."Accountapp_spotlighttable" OWNER TO admin;

--
-- Name: Accountapp_spotlighttable_id_seq; Type: SEQUENCE; Schema: public; Owner: admin
--

ALTER TABLE public."Accountapp_spotlighttable" ALTER COLUMN id ADD GENERATED BY DEFAULT AS IDENTITY (
    SEQUENCE NAME public."Accountapp_spotlighttable_id_seq"
    START WITH 1
    INCREMENT BY 1
    NO MINVALUE
    NO MAXVALUE
    CACHE 1
);


--
-- Name: Accountapp_subcategorytable; Type: TABLE; Schema: public; Owner: admin
--

CREATE TABLE public."Accountapp_subcategorytable" (
    id bigint NOT NULL,
    name character varying(100) NOT NULL,
    created_at timestamp with time zone NOT NULL,
    category_id bigint NOT NULL
);


ALTER TABLE public."Accountapp_subcategorytable" OWNER TO admin;

--
-- Name: Accountapp_subcategorytable_id_seq; Type: SEQUENCE; Schema: public; Owner: admin
--

ALTER TABLE public."Accountapp_subcategorytable" ALTER COLUMN id ADD GENERATED BY DEFAULT AS IDENTITY (
    SEQUENCE NAME public."Accountapp_subcategorytable_id_seq"
    START WITH 1
    INCREMENT BY 1
    NO MINVALUE
    NO MAXVALUE
    CACHE 1
);


--
-- Name: Accountapp_subsubcategorytable; Type: TABLE; Schema: public; Owner: admin
--

CREATE TABLE public."Accountapp_subsubcategorytable" (
    id bigint NOT NULL,
    name character varying(100) NOT NULL,
    created_at timestamp with time zone NOT NULL,
    subcategory_id bigint NOT NULL
);


ALTER TABLE public."Accountapp_subsubcategorytable" OWNER TO admin;

--
-- Name: Accountapp_subsubcategorytable_id_seq; Type: SEQUENCE; Schema: public; Owner: admin
--

ALTER TABLE public."Accountapp_subsubcategorytable" ALTER COLUMN id ADD GENERATED BY DEFAULT AS IDENTITY (
    SEQUENCE NAME public."Accountapp_subsubcategorytable_id_seq"
    START WITH 1
    INCREMENT BY 1
    NO MINVALUE
    NO MAXVALUE
    CACHE 1
);


--
-- Name: Accountapp_userrole; Type: TABLE; Schema: public; Owner: admin
--

CREATE TABLE public."Accountapp_userrole" (
    id bigint NOT NULL,
    role character varying(20) NOT NULL
);


ALTER TABLE public."Accountapp_userrole" OWNER TO admin;

--
-- Name: Accountapp_userrole_id_seq; Type: SEQUENCE; Schema: public; Owner: admin
--

ALTER TABLE public."Accountapp_userrole" ALTER COLUMN id ADD GENERATED BY DEFAULT AS IDENTITY (
    SEQUENCE NAME public."Accountapp_userrole_id_seq"
    START WITH 1
    INCREMENT BY 1
    NO MINVALUE
    NO MAXVALUE
    CACHE 1
);


--
-- Name: Accountapp_voicedescriptiontable; Type: TABLE; Schema: public; Owner: admin
--

CREATE TABLE public."Accountapp_voicedescriptiontable" (
    id bigint NOT NULL,
    language character varying(10) NOT NULL,
    audio_file character varying(100) NOT NULL,
    item_id bigint NOT NULL
);


ALTER TABLE public."Accountapp_voicedescriptiontable" OWNER TO admin;

--
-- Name: Accountapp_voicedescription_id_seq; Type: SEQUENCE; Schema: public; Owner: admin
--

ALTER TABLE public."Accountapp_voicedescriptiontable" ALTER COLUMN id ADD GENERATED BY DEFAULT AS IDENTITY (
    SEQUENCE NAME public."Accountapp_voicedescription_id_seq"
    START WITH 1
    INCREMENT BY 1
    NO MINVALUE
    NO MAXVALUE
    CACHE 1
);


--
-- Name: Accountapp_vouchertable; Type: TABLE; Schema: public; Owner: admin
--

CREATE TABLE public."Accountapp_vouchertable" (
    id bigint NOT NULL,
    code character varying(50) NOT NULL,
    description text,
    value double precision,
    valid_from character varying(25),
    valid_to character varying(25),
    is_active boolean NOT NULL,
    used boolean NOT NULL,
    used_at character varying(25),
    userid_id bigint
);


ALTER TABLE public."Accountapp_vouchertable" OWNER TO admin;

--
-- Name: Accountapp_vouchertable_id_seq; Type: SEQUENCE; Schema: public; Owner: admin
--

ALTER TABLE public."Accountapp_vouchertable" ALTER COLUMN id ADD GENERATED BY DEFAULT AS IDENTITY (
    SEQUENCE NAME public."Accountapp_vouchertable_id_seq"
    START WITH 1
    INCREMENT BY 1
    NO MINVALUE
    NO MAXVALUE
    CACHE 1
);


--
-- Name: Accountapp_waitertable; Type: TABLE; Schema: public; Owner: admin
--

CREATE TABLE public."Accountapp_waitertable" (
    id bigint NOT NULL,
    name character varying(100) NOT NULL,
    phone character varying(15) NOT NULL,
    image character varying(100),
    address character varying(255),
    idproof character varying(100),
    created_at timestamp with time zone NOT NULL,
    userid_id bigint NOT NULL,
    email character varying(15)
);


ALTER TABLE public."Accountapp_waitertable" OWNER TO admin;

--
-- Name: Accountapp_waitertable_id_seq; Type: SEQUENCE; Schema: public; Owner: admin
--

ALTER TABLE public."Accountapp_waitertable" ALTER COLUMN id ADD GENERATED BY DEFAULT AS IDENTITY (
    SEQUENCE NAME public."Accountapp_waitertable_id_seq"
    START WITH 1
    INCREMENT BY 1
    NO MINVALUE
    NO MAXVALUE
    CACHE 1
);


--
-- Name: Accountapp_wishlisttable; Type: TABLE; Schema: public; Owner: admin
--

CREATE TABLE public."Accountapp_wishlisttable" (
    id bigint NOT NULL,
    added_at timestamp with time zone NOT NULL,
    fooditem_id bigint NOT NULL,
    userid_id bigint NOT NULL
);


ALTER TABLE public."Accountapp_wishlisttable" OWNER TO admin;

--
-- Name: Accountapp_wishlisttable_id_seq; Type: SEQUENCE; Schema: public; Owner: admin
--

ALTER TABLE public."Accountapp_wishlisttable" ALTER COLUMN id ADD GENERATED BY DEFAULT AS IDENTITY (
    SEQUENCE NAME public."Accountapp_wishlisttable_id_seq"
    START WITH 1
    INCREMENT BY 1
    NO MINVALUE
    NO MAXVALUE
    CACHE 1
);


--
-- Name: auth_group; Type: TABLE; Schema: public; Owner: admin
--

CREATE TABLE public.auth_group (
    id integer NOT NULL,
    name character varying(150) NOT NULL
);


ALTER TABLE public.auth_group OWNER TO admin;

--
-- Name: auth_group_id_seq; Type: SEQUENCE; Schema: public; Owner: admin
--

ALTER TABLE public.auth_group ALTER COLUMN id ADD GENERATED BY DEFAULT AS IDENTITY (
    SEQUENCE NAME public.auth_group_id_seq
    START WITH 1
    INCREMENT BY 1
    NO MINVALUE
    NO MAXVALUE
    CACHE 1
);


--
-- Name: auth_group_permissions; Type: TABLE; Schema: public; Owner: admin
--

CREATE TABLE public.auth_group_permissions (
    id bigint NOT NULL,
    group_id integer NOT NULL,
    permission_id integer NOT NULL
);


ALTER TABLE public.auth_group_permissions OWNER TO admin;

--
-- Name: auth_group_permissions_id_seq; Type: SEQUENCE; Schema: public; Owner: admin
--

ALTER TABLE public.auth_group_permissions ALTER COLUMN id ADD GENERATED BY DEFAULT AS IDENTITY (
    SEQUENCE NAME public.auth_group_permissions_id_seq
    START WITH 1
    INCREMENT BY 1
    NO MINVALUE
    NO MAXVALUE
    CACHE 1
);


--
-- Name: auth_permission; Type: TABLE; Schema: public; Owner: admin
--

CREATE TABLE public.auth_permission (
    id integer NOT NULL,
    name character varying(255) NOT NULL,
    content_type_id integer NOT NULL,
    codename character varying(100) NOT NULL
);


ALTER TABLE public.auth_permission OWNER TO admin;

--
-- Name: auth_permission_id_seq; Type: SEQUENCE; Schema: public; Owner: admin
--

ALTER TABLE public.auth_permission ALTER COLUMN id ADD GENERATED BY DEFAULT AS IDENTITY (
    SEQUENCE NAME public.auth_permission_id_seq
    START WITH 1
    INCREMENT BY 1
    NO MINVALUE
    NO MAXVALUE
    CACHE 1
);


--
-- Name: authtoken_token; Type: TABLE; Schema: public; Owner: admin
--

CREATE TABLE public.authtoken_token (
    key character varying(40) NOT NULL,
    created timestamp with time zone NOT NULL,
    user_id bigint NOT NULL
);


ALTER TABLE public.authtoken_token OWNER TO admin;

--
-- Name: django_admin_log; Type: TABLE; Schema: public; Owner: admin
--

CREATE TABLE public.django_admin_log (
    id integer NOT NULL,
    action_time timestamp with time zone NOT NULL,
    object_id text,
    object_repr character varying(200) NOT NULL,
    action_flag smallint NOT NULL,
    change_message text NOT NULL,
    content_type_id integer,
    user_id bigint NOT NULL,
    CONSTRAINT django_admin_log_action_flag_check CHECK ((action_flag >= 0))
);


ALTER TABLE public.django_admin_log OWNER TO admin;

--
-- Name: django_admin_log_id_seq; Type: SEQUENCE; Schema: public; Owner: admin
--

ALTER TABLE public.django_admin_log ALTER COLUMN id ADD GENERATED BY DEFAULT AS IDENTITY (
    SEQUENCE NAME public.django_admin_log_id_seq
    START WITH 1
    INCREMENT BY 1
    NO MINVALUE
    NO MAXVALUE
    CACHE 1
);


--
-- Name: django_content_type; Type: TABLE; Schema: public; Owner: admin
--

CREATE TABLE public.django_content_type (
    id integer NOT NULL,
    app_label character varying(100) NOT NULL,
    model character varying(100) NOT NULL
);


ALTER TABLE public.django_content_type OWNER TO admin;

--
-- Name: django_content_type_id_seq; Type: SEQUENCE; Schema: public; Owner: admin
--

ALTER TABLE public.django_content_type ALTER COLUMN id ADD GENERATED BY DEFAULT AS IDENTITY (
    SEQUENCE NAME public.django_content_type_id_seq
    START WITH 1
    INCREMENT BY 1
    NO MINVALUE
    NO MAXVALUE
    CACHE 1
);


--
-- Name: django_migrations; Type: TABLE; Schema: public; Owner: admin
--

CREATE TABLE public.django_migrations (
    id bigint NOT NULL,
    app character varying(255) NOT NULL,
    name character varying(255) NOT NULL,
    applied timestamp with time zone NOT NULL
);


ALTER TABLE public.django_migrations OWNER TO admin;

--
-- Name: django_migrations_id_seq; Type: SEQUENCE; Schema: public; Owner: admin
--

ALTER TABLE public.django_migrations ALTER COLUMN id ADD GENERATED BY DEFAULT AS IDENTITY (
    SEQUENCE NAME public.django_migrations_id_seq
    START WITH 1
    INCREMENT BY 1
    NO MINVALUE
    NO MAXVALUE
    CACHE 1
);


--
-- Name: django_session; Type: TABLE; Schema: public; Owner: admin
--

CREATE TABLE public.django_session (
    session_key character varying(40) NOT NULL,
    session_data text NOT NULL,
    expire_date timestamp with time zone NOT NULL
);


ALTER TABLE public.django_session OWNER TO admin;

--
-- Data for Name: Accountapp_addontable; Type: TABLE DATA; Schema: public; Owner: admin
--

COPY public."Accountapp_addontable" (id, name, description, image, price, created_at, updated_at, item_id, quantity) FROM stdin;
1	Raita	curd	addon_images/curd.jpeg	20	2025-07-03 16:00:15.397638+05:30	2025-07-03 16:00:15.397638+05:30	1	1
\.


--
-- Data for Name: Accountapp_addresstable; Type: TABLE DATA; Schema: public; Owner: admin
--

COPY public."Accountapp_addresstable" (id, name, phone, address, city, state, postal_code, country, latitude, longitude, is_default, created_at) FROM stdin;
\.


--
-- Data for Name: Accountapp_billtable; Type: TABLE DATA; Schema: public; Owner: admin
--

COPY public."Accountapp_billtable" (id, bill_number, subtotal, tax, discount, status, payment_method, paid_at, total_amount, created_at, branch_id, table_id, order_id, waiter_id) FROM stdin;
\.


--
-- Data for Name: Accountapp_branchtable; Type: TABLE DATA; Schema: public; Owner: admin
--

COPY public."Accountapp_branchtable" (id, name, place, address, phone, latitude, longitude, floors, created_at, updated_at, manager_id, email, fssai_lic_no, image) FROM stdin;
1	Branch1	Pottammal	Kozhikode, Kerala, pin code: 673016	9685741236	11.2581912	75.811267	2	2025-07-03 13:35:07.156193+05:30	2025-07-04 15:22:25.924079+05:30	2	branch1@gmail.com	2337546768745	
2	Branch2	Beypore	Kozhikode, Kerala, pin code: 673016	9654224451	11.18	75.82	2	2025-07-05 14:39:36.059985+05:30	2025-07-05 14:42:48.600251+05:30	5	branch2@gmail.com	2337546228745	branch_image/clg.jpeg
\.


--
-- Data for Name: Accountapp_carouseltable; Type: TABLE DATA; Schema: public; Owner: admin
--

COPY public."Accountapp_carouseltable" (id, image, branch_id, offer_percentage, created_at, category_id, enddate, startdate) FROM stdin;
1	carousel_images/1339_kMflCdL.jpg	1	20	2025-07-03 13:46:16.075484+05:30	1	\N	\N
2	carousel_images/Food-_PE6wBE9.jpg	1	30	2025-07-03 13:46:41.801923+05:30	1	\N	\N
\.


--
-- Data for Name: Accountapp_carttable; Type: TABLE DATA; Schema: public; Owner: admin
--

COPY public."Accountapp_carttable" (id, quantity, price, instruction, added_at, updated_at, total_price, addon_id, fooditem_id, userid_id) FROM stdin;
1	1	\N	\N	2025-07-11 17:20:40.266746+05:30	2025-07-11 17:20:40.267745+05:30	140	\N	3	10
2	1	\N	\N	2025-07-12 14:30:17.401153+05:30	2025-07-12 14:30:17.401153+05:30	150	\N	2	11
3	1	\N	\N	2025-07-12 14:43:16.049609+05:30	2025-07-12 14:43:16.049609+05:30	160	\N	1	12
4	1	\N	\N	2025-07-12 14:57:15.531917+05:30	2025-07-12 14:57:15.531917+05:30	150	\N	2	12
5	1	\N	\N	2025-07-12 15:38:27.530964+05:30	2025-07-12 15:38:27.530964+05:30	150	\N	2	12
6	1	\N	\N	2025-07-12 15:41:15.801006+05:30	2025-07-12 15:41:15.801006+05:30	160	\N	1	12
7	1	\N	\N	2025-07-12 15:46:02.917792+05:30	2025-07-12 15:46:02.917792+05:30	140	\N	3	13
8	1	\N	\N	2025-07-12 15:46:04.852416+05:30	2025-07-12 15:46:04.852416+05:30	140	\N	3	13
9	1	\N	\N	2025-07-12 15:46:06.688676+05:30	2025-07-12 15:46:06.688676+05:30	140	\N	3	13
10	1	\N	\N	2025-07-14 10:18:37.727999+05:30	2025-07-14 10:18:37.727999+05:30	140	\N	3	15
11	1	\N	\N	2025-07-14 11:09:39.271211+05:30	2025-07-14 11:09:39.271211+05:30	150	\N	2	15
14	1	\N	\N	2025-07-14 11:56:42.592483+05:30	2025-07-14 11:56:42.592483+05:30	150	\N	2	16
15	1	\N	\N	2025-07-16 12:05:03.53126+05:30	2025-07-16 12:05:03.53126+05:30	160	\N	1	23
16	1	\N	\N	2025-07-16 12:06:37.504347+05:30	2025-07-16 12:06:37.504347+05:30	140	\N	3	23
17	1	\N	\N	2025-07-16 12:56:42.724257+05:30	2025-07-16 12:56:42.724257+05:30	150	\N	2	24
18	1	\N	\N	2025-07-16 12:56:55.674517+05:30	2025-07-16 12:56:55.674517+05:30	150	\N	2	24
19	1	\N	\N	2025-07-16 14:58:30.191598+05:30	2025-07-16 14:58:30.191598+05:30	150	\N	2	27
20	1	\N	\N	2025-07-16 16:03:10.831837+05:30	2025-07-16 16:03:10.831837+05:30	160	\N	1	28
32	1	\N	\N	2025-07-21 17:03:06.461359+05:30	2025-07-21 17:03:06.461359+05:30	140	\N	3	6
33	1	\N	\N	2025-07-21 17:03:14.06539+05:30	2025-07-21 17:03:14.06539+05:30	150	\N	2	6
34	1	\N	\N	2025-07-21 17:03:48.528349+05:30	2025-07-21 17:03:48.528349+05:30	150	\N	2	6
35	1	\N	\N	2025-07-21 17:03:48.638279+05:30	2025-07-21 17:03:48.638279+05:30	150	\N	2	6
36	1	\N	\N	2025-07-21 17:04:22.114215+05:30	2025-07-21 17:04:22.114215+05:30	160	\N	1	6
\.


--
-- Data for Name: Accountapp_categorytable; Type: TABLE DATA; Schema: public; Owner: admin
--

COPY public."Accountapp_categorytable" (id, name, created_at) FROM stdin;
1	Food	2025-07-03 13:27:53.882112+05:30
\.


--
-- Data for Name: Accountapp_complainttable; Type: TABLE DATA; Schema: public; Owner: admin
--

COPY public."Accountapp_complainttable" (id, complaint, image, reply, created_at, updated_at, deliveryid_id, userid_id) FROM stdin;
\.


--
-- Data for Name: Accountapp_coupontable; Type: TABLE DATA; Schema: public; Owner: admin
--

COPY public."Accountapp_coupontable" (id, code, description, discount_percentage, max_discount_amount, min_order_amount, valid_from, valid_to, is_active, usage_limit, used_count) FROM stdin;
1	TRYNEW	Use code TRYNEW & get 20% off on orders above ₹499. Maximum discount ₹80	20	80	499	16/07/2025	20/07/2025	t	20	1
\.


--
-- Data for Name: Accountapp_deliveryboytable; Type: TABLE DATA; Schema: public; Owner: admin
--

COPY public."Accountapp_deliveryboytable" (id, name, phone, address, image, idproof, userid_id, branch_id, email, license) FROM stdin;
\.


--
-- Data for Name: Accountapp_deliverytable; Type: TABLE DATA; Schema: public; Owner: admin
--

COPY public."Accountapp_deliverytable" (id, name, phone, instruction, created_at, updated_at, userid_id, address_id, order_id) FROM stdin;
\.


--
-- Data for Name: Accountapp_diningtable; Type: TABLE DATA; Schema: public; Owner: admin
--

COPY public."Accountapp_diningtable" (id, floor, table_number, seating_capacity, is_available, created_at, branch_id) FROM stdin;
\.


--
-- Data for Name: Accountapp_feedbacktable; Type: TABLE DATA; Schema: public; Owner: admin
--

COPY public."Accountapp_feedbacktable" (id, feedback, rating, created_at, userid_id) FROM stdin;
\.


--
-- Data for Name: Accountapp_floortable; Type: TABLE DATA; Schema: public; Owner: admin
--

COPY public."Accountapp_floortable" (id, floor_number, name, description, branch_id) FROM stdin;
\.


--
-- Data for Name: Accountapp_itemimagetable; Type: TABLE DATA; Schema: public; Owner: admin
--

COPY public."Accountapp_itemimagetable" (id, image, uploaded_at, item_id) FROM stdin;
1	item_images/chicken_biriyani_JhSrutR.jpeg	2025-07-04 13:22:40.908932+05:30	1
2	item_images/veg_biriyani_qURnVAh.png	2025-07-04 14:52:06.42573+05:30	3
3	item_images/zinger_roll.jpg	2025-07-04 14:52:27.739682+05:30	2
4	item_images/zinger_roll_gQarwpJ.jpg	2025-07-07 16:30:31.349799+05:30	4
\.


--
-- Data for Name: Accountapp_itemtable; Type: TABLE DATA; Schema: public; Owner: admin
--

COPY public."Accountapp_itemtable" (id, name, is_veg, description, price, inventory, created_at, updated_at, fast_delivery, newest, category_id, subcategory_id, subsubcategory_id, preparation_time) FROM stdin;
1	Chicken Biriyani	f	Chicken Biryani is a flavorful and aromatic South Asian rice dish made with marinated chicken, basmati rice, and a blend of spices like saffron, cardamom, and cloves. It’s layered and cooked to perfec	160	0	2025-07-03 13:40:32.051389+05:30	2025-07-04 15:21:12.402617+05:30	t	t	1	1	1	0
2	Chicken Zinger Roll	f	Zinger Roll is a flavorful and aromatic South Asian rice dish made with marinated chicken, basmati rice, and a blend of spices like saffron, cardamom, and cloves. It’s layered and cooked to perfec	150	0	2025-07-03 15:49:49.108162+05:30	2025-07-04 15:21:22.001269+05:30	t	t	1	2	2	5
3	Veg Biriyani	t	Veg Biryani is a flavorful and aromatic South Asian rice dish made with marinated chicken, basmati rice, and a blend of spices like saffron, cardamom, and cloves. It’s layered and cooked to perfec	140	0	2025-07-04 11:28:19.129214+05:30	2025-07-05 09:57:44.964987+05:30	t	f	1	1	1	0
4	Kuboos	t	Kuboos is a flavorful and aromatic South Asian rice dish made with marinated chicken, basmati rice, and a blend of spices like saffron, cardamom, and cloves. It’s layered and cooked to perfec	15	0	2025-07-05 14:45:46.444711+05:30	2025-07-05 14:45:46.444711+05:30	t	t	1	3	3	5
\.


--
-- Data for Name: Accountapp_itemtable_branches; Type: TABLE DATA; Schema: public; Owner: admin
--

COPY public."Accountapp_itemtable_branches" (id, itemtable_id, branchtable_id) FROM stdin;
1	1	1
2	2	1
3	3	1
4	4	2
\.


--
-- Data for Name: Accountapp_itemvarianttable; Type: TABLE DATA; Schema: public; Owner: admin
--

COPY public."Accountapp_itemvarianttable" (id, variant_name, price, item_id) FROM stdin;
1	Half	160	1
2	Full	200	1
3	Half	150	2
4	Single	160	2
5	Full	180	2
6	Half	140	3
7	Full	160	3
\.


--
-- Data for Name: Accountapp_logintable; Type: TABLE DATA; Schema: public; Owner: admin
--

COPY public."Accountapp_logintable" (id, password, last_login, is_superuser, username, first_name, last_name, email, is_staff, date_joined, phone, otp, is_active, created_at, notification_token) FROM stdin;
13	!dq93fz6w40ahuRql8X1Uy6UnHFbDdgq4EFv4A57D	\N	f	+912582582586				f	2025-07-12 15:43:30.756862+05:30	+912582582586	5766	t	2025-07-12 15:43:30.756862+05:30	\N
2	123456	\N	f	manager1				f	2025-07-03 13:32:26+05:30	\N	\N	t	2025-07-03 13:32:26+05:30	\N
28	!78F3ewrkdDEWs7y8KJO5brLUefWqgkQwaOD5SkTY	\N	f	+912121212125				f	2025-07-16 16:01:59.612988+05:30	+912121212125	6591	t	2025-07-16 16:01:59.612988+05:30	\N
3	!YaSHrPulHlE913pQHKc6NN7PxxDlP1FanQ8iAILa	\N	f	+911235874568				f	2025-07-03 14:57:03.459263+05:30	+911235874568	9669	t	2025-07-03 14:57:03.459263+05:30	\N
14	!61JIQ098uuUyfVuU4iriI5oSTYRqtSFxFIPajwRD	\N	f	+912583691539				f	2025-07-12 16:44:03.954961+05:30	+912583691539	8686	t	2025-07-12 16:44:03.954961+05:30	\N
21	!HKc8T7oQ7zSXdXXC62oXFk5m4qxIu84JG7Z0CQFy	\N	f	+913332221114				f	2025-07-16 11:16:50.0994+05:30	+913332221114	6613	t	2025-07-16 11:16:50.0994+05:30	\N
5	123456	\N	f	manager2				f	2025-07-05 14:39:52+05:30	\N	\N	t	2025-07-05 14:39:52+05:30	\N
15	!XmlPUj6cseHMG3HpGra8NaR2SXyKGcNeyC7ZZ9ci	\N	f	+912582585555				f	2025-07-14 10:15:41.394669+05:30	+912582585555	6505	t	2025-07-14 10:15:41.394669+05:30	\N
6	!TuVwfoHsJKXjmwGlYyF9ZMf64jHWgsOGaqdd97XC	\N	f	+912582582585				f	2025-07-07 12:33:42.760072+05:30	+912582582585	4912	t	2025-07-07 12:33:42.760072+05:30	\N
22	!LT7kEW4GPKJ4d19wOBPDXNIdD2h12pPVcW5WOzaM	\N	f	+913332221110				f	2025-07-16 11:20:45.427245+05:30	+913332221110	5524	t	2025-07-16 11:20:45.427245+05:30	\N
16	!t1cwQkA7Xl2kfArNE8xCXgmeeWxFD72yDX1zHSSj	\N	f	+912365412589				f	2025-07-14 11:19:54.038891+05:30	+912365412589	8594	t	2025-07-14 11:19:54.038891+05:30	\N
7	!8aBHAe2Gwe7Uwda7GMdpClO9mTqTuFAhuA9BPLsQ	\N	f	+913692583698				f	2025-07-11 11:16:43.489384+05:30	+913692583698	5966	t	2025-07-11 11:16:43.489384+05:30	\N
4	!6ZZwrDSCCd7kknlTfFkAuDbZdt3LguR0UVNFMzvl	\N	f	+912582582589				f	2025-07-04 17:03:56.227575+05:30	+912582582589	8393	t	2025-07-04 17:03:56.228627+05:30	\N
8	!jHOM3wJ84wQDREwVpTxCk9d7OPzgA2diXC6gtmzp	\N	f	+912580258085				f	2025-07-11 13:22:58.507035+05:30	+912580258085	6261	t	2025-07-11 13:22:58.507035+05:30	\N
23	!buALOz2ZWF3VjD3TXBiWtB5BmhP2RN9p4tc0wHMI	\N	f	+913692585656				f	2025-07-16 11:50:07.958927+05:30	+913692585656	5247	t	2025-07-16 11:50:07.958927+05:30	\N
9	!xGbT07iVE9ewH7LoDv1rSPrNsxxycEKqIGWFXpdv	\N	f	+913699636999				f	2025-07-11 14:46:45.630546+05:30	+913699636999	3381	t	2025-07-11 14:46:45.630546+05:30	\N
18	!2rA7Sta1bN8f9ipgnTqJo3I7jfTdCQFZ0tY8EX4q	\N	f	+912356235623				f	2025-07-15 16:16:22.222202+05:30	+912356235623	9822	t	2025-07-15 16:16:22.222202+05:30	\N
10	!T6ON0xV4m0Quj5NgTSnemPlr2HCrqbY4GFn8UoCG	\N	f	+912582581478				f	2025-07-11 17:03:08.483965+05:30	+912582581478	9266	t	2025-07-11 17:03:08.483965+05:30	\N
29	!Bf0ksMyU7rCZiBQurUsUAPcox6weKNBWF3LTNuCY	\N	f	+915556454544				f	2025-07-22 11:27:26.113531+05:30	+915556454544	9969	t	2025-07-22 11:27:26.113531+05:30	\N
11	!HW1h94H2Yasuk5uys9ZUloMr8853IKijI0PqtKYh	\N	f	+912583692589				f	2025-07-12 14:29:25.797259+05:30	+912583692589	4866	t	2025-07-12 14:29:25.797259+05:30	\N
24	!baLI0G10q7Zlb2pB6UF1qzFqBR99IzC6bkXWF0Po	\N	f	+912225551144				f	2025-07-16 12:56:00.866402+05:30	+912225551144	9586	t	2025-07-16 12:56:00.866402+05:30	\N
12	!aRq2gdb2Vi4k1n1j5m9JFGSPbLEYwCk9Arzg5L3b	\N	f	+913692587412				f	2025-07-12 14:41:54.121064+05:30	+913692587412	9217	t	2025-07-12 14:41:54.121064+05:30	\N
25	!YkYsXqnyFH6o5xBfgZGzrWbVciJpoXHzqbqeTH4e	\N	f	+915356568686				f	2025-07-16 14:16:14.354818+05:30	+915356568686	6455	t	2025-07-16 14:16:14.354818+05:30	\N
17	!yzhzbAWLUhZ1NwYknfVATEDnQez4Zy0wSODtq3mc	\N	f	+913692581478				f	2025-07-15 14:31:19.017487+05:30	+913692581478	5666	t	2025-07-15 14:31:19.017487+05:30	\N
19	!Mu4kK075QCdm1Tu8RBt51czQHMKs033KGbOuPDHF	\N	f	+919999999998				f	2025-07-16 10:48:45.312005+05:30	+919999999998	8494	t	2025-07-16 10:48:45.312005+05:30	\N
26	!K99D2lOzhf6q5ZLjwdLa9fYHu4pYorHtwpHKW8yh	\N	f	+915356568683				f	2025-07-16 14:18:45.296532+05:30	+915356568683	5755	t	2025-07-16 14:18:45.296532+05:30	\N
20	!qDruPHcyg7hfdh2ICJ0mluQ14aQOTnpOVPJtGWsi	\N	f	+913636363632				f	2025-07-16 10:57:19.733611+05:30	+913636363632	3222	t	2025-07-16 10:57:19.733611+05:30	\N
27	!zyyAuCvgCQ5WIUtK4MBiMQHF6Z8CbpmniAOfbwDm	\N	f	+913333333333				f	2025-07-16 14:24:36.822049+05:30	+913333333333	1609	t	2025-07-16 14:24:36.822049+05:30	\N
30	!8IgCDvYcoJ15vaJ8Cv2zzl6RckfQU1KYxOwn0ReR	\N	f	+915556454515				f	2025-07-22 11:27:34.846842+05:30	+915556454515	8285	t	2025-07-22 11:27:34.846842+05:30	e2JxnrjVTGCApEexOsl-ju:APA91bHicN9PH1rqOr77HH1ExRMAOqGtKEOno1vmWX8pfMzbBvrUqvbTFU0o3LzeZxKQfHLXWVPdZWH1pD3R3sHtIuSpkrDjK1VJWgTjm8R7U2fc-cTuIYg
1	pbkdf2_sha256$1000000$jXhZR1sk47MYJ6Y17wlIGq$/b4SGLR5QCGyysFpYKyoFB4RybcmMaedTnoBPPpujww=	2025-07-25 11:50:12.543741+05:30	t	admin				t	2025-07-03 11:52:43.316197+05:30	\N	\N	t	2025-07-03 11:52:43.316197+05:30	\N
\.


--
-- Data for Name: Accountapp_logintable_groups; Type: TABLE DATA; Schema: public; Owner: admin
--

COPY public."Accountapp_logintable_groups" (id, logintable_id, group_id) FROM stdin;
\.


--
-- Data for Name: Accountapp_logintable_user_permissions; Type: TABLE DATA; Schema: public; Owner: admin
--

COPY public."Accountapp_logintable_user_permissions" (id, logintable_id, permission_id) FROM stdin;
\.


--
-- Data for Name: Accountapp_logintable_user_roles; Type: TABLE DATA; Schema: public; Owner: admin
--

COPY public."Accountapp_logintable_user_roles" (id, logintable_id, userrole_id) FROM stdin;
1	2	1
2	5	1
3	6	2
4	7	2
5	8	2
6	9	2
7	10	2
8	11	2
9	12	2
10	13	2
11	14	2
12	15	2
13	16	2
14	17	2
15	18	2
16	19	2
17	20	2
18	21	2
19	22	2
20	23	2
21	24	2
22	25	2
23	26	2
24	27	2
25	28	2
26	29	2
27	30	2
\.


--
-- Data for Name: Accountapp_managertable; Type: TABLE DATA; Schema: public; Owner: admin
--

COPY public."Accountapp_managertable" (id, name, phone, image, address, idproof, qualification, created_at, userid_id, email) FROM stdin;
\.


--
-- Data for Name: Accountapp_offertable; Type: TABLE DATA; Schema: public; Owner: admin
--

COPY public."Accountapp_offertable" (id, name, startdate, enddate, offer_percentage, offerdescription, createdat, updatedat, branch_id, itemid_id) FROM stdin;
\.


--
-- Data for Name: Accountapp_orderitemtable; Type: TABLE DATA; Schema: public; Owner: admin
--

COPY public."Accountapp_orderitemtable" (id, quantity, price, instruction, addon_id, itemname_id, order_id) FROM stdin;
\.


--
-- Data for Name: Accountapp_ordertable; Type: TABLE DATA; Schema: public; Owner: admin
--

COPY public."Accountapp_ordertable" (id, totalamount, orderstatus, paymentstatus, created_at, updated_at, deliveryid_id, userid_id, branch_id) FROM stdin;
\.


--
-- Data for Name: Accountapp_paymenttable; Type: TABLE DATA; Schema: public; Owner: admin
--

COPY public."Accountapp_paymenttable" (id, transaction_id, payment_method, amount, status, payment_date, details, order_id) FROM stdin;
\.


--
-- Data for Name: Accountapp_printertable; Type: TABLE DATA; Schema: public; Owner: admin
--

COPY public."Accountapp_printertable" (id, name, ip_address, branch_id) FROM stdin;
\.


--
-- Data for Name: Accountapp_printertable_subsubcategories; Type: TABLE DATA; Schema: public; Owner: admin
--

COPY public."Accountapp_printertable_subsubcategories" (id, printertable_id, subsubcategorytable_id) FROM stdin;
\.


--
-- Data for Name: Accountapp_profiletable; Type: TABLE DATA; Schema: public; Owner: admin
--

COPY public."Accountapp_profiletable" (id, name, phone, image, dob, created_at, updated_at, loginid_id, email, address_id) FROM stdin;
1	hihi	+911235874568		2000-01-01	2025-07-03 14:57:25.393677+05:30	2025-07-03 14:57:25.403686+05:30	3	\N	\N
4	jj	+913692583698		2000-01-01	2025-07-11 11:17:20.303995+05:30	2025-07-11 11:17:20.312559+05:30	7	\N	\N
2	k	+912582582589		2000-01-01	2025-07-04 17:04:29.785535+05:30	2025-07-11 12:22:10.072598+05:30	4	\N	\N
5	hh	+912580258085		2000-01-01	2025-07-11 13:23:24.9396+05:30	2025-07-11 13:23:24.945648+05:30	8	\N	\N
6	tt	+913699636999		2000-01-01	2025-07-11 14:47:33.563976+05:30	2025-07-11 14:47:33.582275+05:30	9	\N	\N
7	gg	+912582581478		2000-01-01	2025-07-11 17:03:25.646094+05:30	2025-07-11 17:03:25.651094+05:30	10	\N	\N
8	vgh	+912583692589		2000-01-01	2025-07-12 14:29:47.980837+05:30	2025-07-12 14:29:47.98922+05:30	11	\N	\N
9	hh	+913692587412		2000-01-01	2025-07-12 14:42:18.639836+05:30	2025-07-12 14:42:18.654132+05:30	12	\N	\N
10	y	+912582582586		2000-01-01	2025-07-12 15:43:47.700449+05:30	2025-07-12 15:43:47.709224+05:30	13	\N	\N
11	gh	+912583691539		2000-01-01	2025-07-12 16:44:24.861411+05:30	2025-07-12 16:44:24.876181+05:30	14	\N	\N
12	g	+912582585555		2000-01-01	2025-07-14 10:15:59.442345+05:30	2025-07-14 10:15:59.447348+05:30	15	\N	\N
13	jjj	+912365412589		2000-01-01	2025-07-14 11:20:08.241003+05:30	2025-07-14 11:20:08.259365+05:30	16	\N	\N
15	vaishnav	+912356235623		2000-01-01	2025-07-15 16:16:46.272859+05:30	2025-07-15 16:16:46.287155+05:30	18	\N	\N
14	hihi	+913692581478		2000-01-04	2025-07-15 14:31:38.759418+05:30	2025-07-16 10:43:48.607722+05:30	17	v@gmail.com	\N
16	jjjjjjjj	+919999999998		2000-01-01	2025-07-16 10:49:04.252878+05:30	2025-07-16 10:49:04.261254+05:30	19	\N	\N
17	fggggg	+913636363632		2000-01-01	2025-07-16 10:57:36.809324+05:30	2025-07-16 10:57:36.816675+05:30	20	\N	\N
18	bbbbbb	+913332221114		2000-01-20	2025-07-16 11:17:06.617497+05:30	2025-07-16 11:17:06.624013+05:30	21	\N	\N
19	hihi	+913332221110		2000-01-11	2025-07-16 11:21:11.795166+05:30	2025-07-16 11:32:11.478298+05:30	22	v@gmail.com	\N
20	gghhhjgfhghhk	+913692585656		2000-01-01	2025-07-16 11:50:26.310049+05:30	2025-07-16 11:50:49.003344+05:30	23	v@gmail.com	\N
21	vaishnavv	+912225551144		2000-01-01	2025-07-16 12:56:25.359304+05:30	2025-07-16 13:49:11.199739+05:30	24	vvv@gmail.com	\N
22	ggg	+915356568683		2000-01-01	2025-07-16 14:19:18.537833+05:30	2025-07-16 14:19:18.543973+05:30	26	\N	\N
23	gy	+912121212125		2000-01-01	2025-07-16 16:02:23.936416+05:30	2025-07-16 16:02:23.944415+05:30	28	\N	\N
3	hhh	+912582582585		2000-01-01	2025-07-07 12:34:09.803935+05:30	2025-07-16 17:12:19.378994+05:30	6	v@gmail.com	\N
24	vvv	+915556454515		2000-01-01	2025-07-22 11:29:22.888581+05:30	2025-07-22 11:34:33.178975+05:30	30	\N	\N
\.


--
-- Data for Name: Accountapp_ratingtable; Type: TABLE DATA; Schema: public; Owner: admin
--

COPY public."Accountapp_ratingtable" (id, rating_type, rating, comment, createdat, updatedat, itemid_id, userid_id) FROM stdin;
1	DISH	4.5	Good	2025-07-03 15:30:17.230829+05:30	2025-07-03 15:30:17.230829+05:30	1	3
2	DISH	4.5	Good	2025-07-03 16:10:14.788047+05:30	2025-07-03 16:10:14.788047+05:30	2	3
3	DISH	3.0	Good	2025-07-04 11:29:48.285662+05:30	2025-07-04 11:29:48.285662+05:30	3	3
4	DISH	4.0	Soft	2025-07-05 14:46:34.516958+05:30	2025-07-05 14:46:34.516958+05:30	4	4
\.


--
-- Data for Name: Accountapp_spotlighttable; Type: TABLE DATA; Schema: public; Owner: admin
--

COPY public."Accountapp_spotlighttable" (id, image, offer_percentage, created_at, branch_id, category_id) FROM stdin;
1	spotlight_images/Food-_4ZQCllj.jpg	50	2025-07-03 13:47:42.490715+05:30	1	1
2	spotlight_images/1339.jpg	30	2025-07-03 13:48:16.930516+05:30	1	1
\.


--
-- Data for Name: Accountapp_subcategorytable; Type: TABLE DATA; Schema: public; Owner: admin
--

COPY public."Accountapp_subcategorytable" (id, name, created_at, category_id) FROM stdin;
1	Rice	2025-07-03 13:28:14.49167+05:30	1
2	Rolls	2025-07-04 14:53:39.188275+05:30	1
3	Bread	2025-07-05 14:44:17.386796+05:30	1
\.


--
-- Data for Name: Accountapp_subsubcategorytable; Type: TABLE DATA; Schema: public; Owner: admin
--

COPY public."Accountapp_subsubcategorytable" (id, name, created_at, subcategory_id) FROM stdin;
1	Biriyani	2025-07-03 13:28:29.125371+05:30	1
2	Chicken Rolls	2025-07-04 14:58:52.95482+05:30	2
3	Bread	2025-07-05 14:44:44.831584+05:30	3
\.


--
-- Data for Name: Accountapp_userrole; Type: TABLE DATA; Schema: public; Owner: admin
--

COPY public."Accountapp_userrole" (id, role) FROM stdin;
1	MANAGER
2	USER
\.


--
-- Data for Name: Accountapp_voicedescriptiontable; Type: TABLE DATA; Schema: public; Owner: admin
--

COPY public."Accountapp_voicedescriptiontable" (id, language, audio_file, item_id) FROM stdin;
1	en	voice_descriptions/ttsmaker-file-2025-7-2-16-36-5_LZvzcU3.mp3	1
2	en	voice_descriptions/ttsmaker-file-2025-7-2-16-36-5_657r4aU.mp3	2
3	ar	voice_descriptions/ttsmaker-file-2025-7-2-16-36-5_rAGgI48.mp3	3
\.


--
-- Data for Name: Accountapp_vouchertable; Type: TABLE DATA; Schema: public; Owner: admin
--

COPY public."Accountapp_vouchertable" (id, code, description, value, valid_from, valid_to, is_active, used, used_at, userid_id) FROM stdin;
\.


--
-- Data for Name: Accountapp_waitertable; Type: TABLE DATA; Schema: public; Owner: admin
--

COPY public."Accountapp_waitertable" (id, name, phone, image, address, idproof, created_at, userid_id, email) FROM stdin;
\.


--
-- Data for Name: Accountapp_wishlisttable; Type: TABLE DATA; Schema: public; Owner: admin
--

COPY public."Accountapp_wishlisttable" (id, added_at, fooditem_id, userid_id) FROM stdin;
4	2025-07-11 11:17:26.127135+05:30	3	7
5	2025-07-11 11:18:23.751163+05:30	3	7
6	2025-07-11 11:49:26.427182+05:30	1	7
7	2025-07-11 11:59:00.284492+05:30	1	7
8	2025-07-11 12:12:50.605243+05:30	3	7
9	2025-07-11 12:22:44.933551+05:30	1	4
13	2025-07-11 12:57:41.989365+05:30	3	4
14	2025-07-11 12:58:10.669736+05:30	3	4
15	2025-07-11 13:01:41.127952+05:30	3	4
16	2025-07-11 13:01:50.65701+05:30	2	4
17	2025-07-11 14:05:04.126036+05:30	3	8
18	2025-07-11 14:14:11.665216+05:30	2	8
19	2025-07-11 14:47:39.739418+05:30	3	9
20	2025-07-12 14:30:00.91303+05:30	2	11
21	2025-07-12 15:38:15.850713+05:30	2	12
22	2025-07-12 15:45:54.124488+05:30	3	13
23	2025-07-12 16:32:33.673978+05:30	1	13
24	2025-07-18 11:29:40.898104+05:30	3	6
25	2025-07-18 12:19:58.540099+05:30	3	6
26	2025-07-18 12:20:17.802736+05:30	2	6
27	2025-07-18 12:21:08.727154+05:30	1	6
28	2025-07-23 11:40:42.155703+05:30	3	30
29	2025-07-23 12:59:23.72854+05:30	2	30
30	2025-07-23 12:59:34.582287+05:30	1	30
31	2025-07-23 16:23:43.47926+05:30	1	30
\.


--
-- Data for Name: auth_group; Type: TABLE DATA; Schema: public; Owner: admin
--

COPY public.auth_group (id, name) FROM stdin;
\.


--
-- Data for Name: auth_group_permissions; Type: TABLE DATA; Schema: public; Owner: admin
--

COPY public.auth_group_permissions (id, group_id, permission_id) FROM stdin;
\.


--
-- Data for Name: auth_permission; Type: TABLE DATA; Schema: public; Owner: admin
--

COPY public.auth_permission (id, name, content_type_id, codename) FROM stdin;
1	Can add log entry	1	add_logentry
2	Can change log entry	1	change_logentry
3	Can delete log entry	1	delete_logentry
4	Can view log entry	1	view_logentry
5	Can add permission	2	add_permission
6	Can change permission	2	change_permission
7	Can delete permission	2	delete_permission
8	Can view permission	2	view_permission
9	Can add group	3	add_group
10	Can change group	3	change_group
11	Can delete group	3	delete_group
12	Can view group	3	view_group
13	Can add content type	4	add_contenttype
14	Can change content type	4	change_contenttype
15	Can delete content type	4	delete_contenttype
16	Can view content type	4	view_contenttype
17	Can add session	5	add_session
18	Can change session	5	change_session
19	Can delete session	5	delete_session
20	Can view session	5	view_session
21	Can add branch table	6	add_branchtable
22	Can change branch table	6	change_branchtable
23	Can delete branch table	6	delete_branchtable
24	Can view branch table	6	view_branchtable
25	Can add category table	7	add_categorytable
26	Can change category table	7	change_categorytable
27	Can delete category table	7	delete_categorytable
28	Can view category table	7	view_categorytable
29	Can add coupon table	8	add_coupontable
30	Can change coupon table	8	change_coupontable
31	Can delete coupon table	8	delete_coupontable
32	Can view coupon table	8	view_coupontable
33	Can add order table	9	add_ordertable
34	Can change order table	9	change_ordertable
35	Can delete order table	9	delete_ordertable
36	Can view order table	9	view_ordertable
37	Can add user role	10	add_userrole
38	Can change user role	10	change_userrole
39	Can delete user role	10	delete_userrole
40	Can view user role	10	view_userrole
41	Can add dining table	11	add_diningtable
42	Can change dining table	11	change_diningtable
43	Can delete dining table	11	delete_diningtable
44	Can view dining table	11	view_diningtable
45	Can add item table	12	add_itemtable
46	Can change item table	12	change_itemtable
47	Can delete item table	12	delete_itemtable
48	Can view item table	12	view_itemtable
49	Can add addon table	13	add_addontable
50	Can change addon table	13	change_addontable
51	Can delete addon table	13	delete_addontable
52	Can view addon table	13	view_addontable
53	Can add offer table	14	add_offertable
54	Can change offer table	14	change_offertable
55	Can delete offer table	14	delete_offertable
56	Can view offer table	14	view_offertable
57	Can add order item table	15	add_orderitemtable
58	Can change order item table	15	change_orderitemtable
59	Can delete order item table	15	delete_orderitemtable
60	Can view order item table	15	view_orderitemtable
61	Can add payment table	16	add_paymenttable
62	Can change payment table	16	change_paymenttable
63	Can delete payment table	16	delete_paymenttable
64	Can view payment table	16	view_paymenttable
65	Can add sub category table	17	add_subcategorytable
66	Can change sub category table	17	change_subcategorytable
67	Can delete sub category table	17	delete_subcategorytable
68	Can view sub category table	17	view_subcategorytable
69	Can add sub sub category table	18	add_subsubcategorytable
70	Can change sub sub category table	18	change_subsubcategorytable
71	Can delete sub sub category table	18	delete_subsubcategorytable
72	Can view sub sub category table	18	view_subsubcategorytable
73	Can add printer table	19	add_printertable
74	Can change printer table	19	change_printertable
75	Can delete printer table	19	delete_printertable
76	Can view printer table	19	view_printertable
77	Can add user	20	add_logintable
78	Can change user	20	change_logintable
79	Can delete user	20	delete_logintable
80	Can view user	20	view_logintable
81	Can add wishlist table	21	add_wishlisttable
82	Can change wishlist table	21	change_wishlisttable
83	Can delete wishlist table	21	delete_wishlisttable
84	Can view wishlist table	21	view_wishlisttable
85	Can add waiter table	22	add_waitertable
86	Can change waiter table	22	change_waitertable
87	Can delete waiter table	22	delete_waitertable
88	Can view waiter table	22	view_waitertable
89	Can add voucher table	23	add_vouchertable
90	Can change voucher table	23	change_vouchertable
91	Can delete voucher table	23	delete_vouchertable
92	Can view voucher table	23	view_vouchertable
93	Can add rating table	24	add_ratingtable
94	Can change rating table	24	change_ratingtable
95	Can delete rating table	24	delete_ratingtable
96	Can view rating table	24	view_ratingtable
97	Can add profile table	25	add_profiletable
98	Can change profile table	25	change_profiletable
99	Can delete profile table	25	delete_profiletable
100	Can view profile table	25	view_profiletable
101	Can add manager table	26	add_managertable
102	Can change manager table	26	change_managertable
103	Can delete manager table	26	delete_managertable
104	Can view manager table	26	view_managertable
105	Can add feedback table	27	add_feedbacktable
106	Can change feedback table	27	change_feedbacktable
107	Can delete feedback table	27	delete_feedbacktable
108	Can view feedback table	27	view_feedbacktable
109	Can add delivery table	28	add_deliverytable
110	Can change delivery table	28	change_deliverytable
111	Can delete delivery table	28	delete_deliverytable
112	Can view delivery table	28	view_deliverytable
113	Can add delivery boy table	29	add_deliveryboytable
114	Can change delivery boy table	29	change_deliveryboytable
115	Can delete delivery boy table	29	delete_deliveryboytable
116	Can view delivery boy table	29	view_deliveryboytable
117	Can add complaint table	30	add_complainttable
118	Can change complaint table	30	change_complainttable
119	Can delete complaint table	30	delete_complainttable
120	Can view complaint table	30	view_complainttable
121	Can add cart table	31	add_carttable
122	Can change cart table	31	change_carttable
123	Can delete cart table	31	delete_carttable
124	Can view cart table	31	view_carttable
125	Can add bill table	32	add_billtable
126	Can change bill table	32	change_billtable
127	Can delete bill table	32	delete_billtable
128	Can view bill table	32	view_billtable
129	Can add address table	33	add_addresstable
130	Can change address table	33	change_addresstable
131	Can delete address table	33	delete_addresstable
132	Can view address table	33	view_addresstable
133	Can add floor table	34	add_floortable
134	Can change floor table	34	change_floortable
135	Can delete floor table	34	delete_floortable
136	Can view floor table	34	view_floortable
137	Can add carousel table	35	add_carouseltable
138	Can change carousel table	35	change_carouseltable
139	Can delete carousel table	35	delete_carouseltable
140	Can view carousel table	35	view_carouseltable
141	Can add spotlight table	36	add_spotlighttable
142	Can change spotlight table	36	change_spotlighttable
143	Can delete spotlight table	36	delete_spotlighttable
144	Can view spotlight table	36	view_spotlighttable
145	Can add item variant table	37	add_itemvarianttable
146	Can change item variant table	37	change_itemvarianttable
147	Can delete item variant table	37	delete_itemvarianttable
148	Can view item variant table	37	view_itemvarianttable
149	Can add voice description table	38	add_voicedescriptiontable
150	Can change voice description table	38	change_voicedescriptiontable
151	Can delete voice description table	38	delete_voicedescriptiontable
152	Can view voice description table	38	view_voicedescriptiontable
153	Can add item image table	39	add_itemimagetable
154	Can change item image table	39	change_itemimagetable
155	Can delete item image table	39	delete_itemimagetable
156	Can view item image table	39	view_itemimagetable
157	Can add Token	40	add_token
158	Can change Token	40	change_token
159	Can delete Token	40	delete_token
160	Can view Token	40	view_token
161	Can add Token	41	add_tokenproxy
162	Can change Token	41	change_tokenproxy
163	Can delete Token	41	delete_tokenproxy
164	Can view Token	41	view_tokenproxy
165	Can add chat message table	42	add_chatmessagetable
166	Can change chat message table	42	change_chatmessagetable
167	Can delete chat message table	42	delete_chatmessagetable
168	Can view chat message table	42	view_chatmessagetable
169	Can add chat message	43	add_chatmessage
170	Can change chat message	43	change_chatmessage
171	Can delete chat message	43	delete_chatmessage
172	Can view chat message	43	view_chatmessage
\.


--
-- Data for Name: authtoken_token; Type: TABLE DATA; Schema: public; Owner: admin
--

COPY public.authtoken_token (key, created, user_id) FROM stdin;
\.


--
-- Data for Name: django_admin_log; Type: TABLE DATA; Schema: public; Owner: admin
--

COPY public.django_admin_log (id, action_time, object_id, object_repr, action_flag, change_message, content_type_id, user_id) FROM stdin;
\.


--
-- Data for Name: django_content_type; Type: TABLE DATA; Schema: public; Owner: admin
--

COPY public.django_content_type (id, app_label, model) FROM stdin;
1	admin	logentry
2	auth	permission
3	auth	group
4	contenttypes	contenttype
5	sessions	session
6	Accountapp	branchtable
7	Accountapp	categorytable
8	Accountapp	coupontable
9	Accountapp	ordertable
10	Accountapp	userrole
11	Accountapp	diningtable
12	Accountapp	itemtable
13	Accountapp	addontable
14	Accountapp	offertable
15	Accountapp	orderitemtable
16	Accountapp	paymenttable
17	Accountapp	subcategorytable
18	Accountapp	subsubcategorytable
19	Accountapp	printertable
20	Accountapp	logintable
21	Accountapp	wishlisttable
22	Accountapp	waitertable
23	Accountapp	vouchertable
24	Accountapp	ratingtable
25	Accountapp	profiletable
26	Accountapp	managertable
27	Accountapp	feedbacktable
28	Accountapp	deliverytable
29	Accountapp	deliveryboytable
30	Accountapp	complainttable
31	Accountapp	carttable
32	Accountapp	billtable
33	Accountapp	addresstable
34	Accountapp	floortable
35	Accountapp	carouseltable
36	Accountapp	spotlighttable
37	Accountapp	itemvarianttable
38	Accountapp	voicedescriptiontable
39	Accountapp	itemimagetable
40	authtoken	token
41	authtoken	tokenproxy
42	Accountapp	chatmessagetable
43	Accountapp	chatmessage
\.


--
-- Data for Name: django_migrations; Type: TABLE DATA; Schema: public; Owner: admin
--

COPY public.django_migrations (id, app, name, applied) FROM stdin;
1	contenttypes	0001_initial	2025-07-03 11:36:27.46282+05:30
2	contenttypes	0002_remove_content_type_name	2025-07-03 11:36:27.480552+05:30
3	auth	0001_initial	2025-07-03 11:36:27.558532+05:30
4	auth	0002_alter_permission_name_max_length	2025-07-03 11:36:27.565921+05:30
5	auth	0003_alter_user_email_max_length	2025-07-03 11:36:27.577202+05:30
6	auth	0004_alter_user_username_opts	2025-07-03 11:36:27.585014+05:30
7	auth	0005_alter_user_last_login_null	2025-07-03 11:36:27.593013+05:30
8	auth	0006_require_contenttypes_0002	2025-07-03 11:36:27.596008+05:30
9	auth	0007_alter_validators_add_error_messages	2025-07-03 11:36:27.603013+05:30
10	auth	0008_alter_user_username_max_length	2025-07-03 11:36:27.612114+05:30
11	auth	0009_alter_user_last_name_max_length	2025-07-03 11:36:27.619118+05:30
12	auth	0010_alter_group_name_max_length	2025-07-03 11:36:27.630114+05:30
13	auth	0011_update_proxy_permissions	2025-07-03 11:36:27.63752+05:30
14	auth	0012_alter_user_first_name_max_length	2025-07-03 11:36:27.645532+05:30
16	Accountapp	0002_alter_carousel_branch_alter_carousel_image	2025-07-03 11:36:28.975171+05:30
17	Accountapp	0003_rename_carousel_carouseltable	2025-07-03 11:36:29.052567+05:30
18	Accountapp	0004_spotlighttable	2025-07-03 11:36:29.121464+05:30
19	Accountapp	0005_alter_spotlighttable_category	2025-07-03 11:36:29.198425+05:30
20	Accountapp	0006_itemvarianttable_rename_managers_branchtable_manager_and_more	2025-07-03 11:36:29.402731+05:30
21	Accountapp	0007_deliveryboytable_branch_deliveryboytable_email_and_more	2025-07-03 11:36:29.543203+05:30
22	Accountapp	0008_alter_branchtable_manager	2025-07-03 11:36:29.664741+05:30
23	Accountapp	0009_carouseltable_enddate_carouseltable_startdate_and_more	2025-07-03 11:36:29.806775+05:30
24	Accountapp	0010_voicedescription	2025-07-03 11:36:29.878248+05:30
25	Accountapp	0011_remove_itemtable_voice_description	2025-07-03 11:36:29.899026+05:30
26	Accountapp	0012_rename_voicedescription_voicedescriptiontable	2025-07-03 11:36:29.968597+05:30
27	Accountapp	0013_remove_itemtable_variant_itemvarianttable_item	2025-07-03 11:36:30.076606+05:30
31	sessions	0001_initial	2025-07-03 11:36:30.233164+05:30
32	Accountapp	0014_addontable_quantity	2025-07-04 10:28:49.315664+05:30
33	Accountapp	0015_alter_itemtable_newest	2025-07-04 10:58:27.701046+05:30
34	Accountapp	0016_itemtable_preparation_time_itemimagetable	2025-07-04 12:22:37.391985+05:30
35	Accountapp	0017_remove_itemtable_image_alter_itemimagetable_image	2025-07-04 12:24:15.055694+05:30
36	Accountapp	0018_branchtable_fssai_lic_no_branchtable_image	2025-07-04 15:11:47.709294+05:30
37	Accountapp	0019_itemtable_branches	2025-07-04 15:20:03.844346+05:30
38	Accountapp	0020_alter_carttable_addon	2025-07-12 15:47:59.171329+05:30
39	Accountapp	0021_profiletable_email	2025-07-14 15:38:54.854772+05:30
40	Accountapp	0020_alter_addontable_quantity	2025-07-16 13:11:00.246083+05:30
41	Accountapp	0022_merge_20250716_1310	2025-07-16 13:11:00.261029+05:30
46	Accountapp	0023_remove_addresstable_userid_and_more	2025-07-16 13:48:28.99051+05:30
54	Accountapp	0001_initial	2025-07-22 11:18:44.974532+05:30
55	admin	0001_initial	2025-07-22 11:20:05.48206+05:30
56	admin	0002_logentry_remove_auto_add	2025-07-22 11:20:05.515285+05:30
57	admin	0003_logentry_add_action_flag_choices	2025-07-22 11:20:05.551912+05:30
58	authtoken	0001_initial	2025-07-22 11:20:05.628269+05:30
59	authtoken	0002_auto_20160226_1747	2025-07-22 11:20:05.798257+05:30
60	authtoken	0003_tokenproxy	2025-07-22 11:20:05.810681+05:30
61	authtoken	0004_alter_tokenproxy_options	2025-07-22 11:20:05.818778+05:30
62	Accountapp	0024_remove_addresstable_orderid	2025-07-23 09:42:29.370255+05:30
63	Accountapp	0002_alter_offertable_id_alter_profiletable_address	2025-07-23 15:21:14.970059+05:30
\.


--
-- Data for Name: django_session; Type: TABLE DATA; Schema: public; Owner: admin
--

COPY public.django_session (session_key, session_data, expire_date) FROM stdin;
kxp3soumnorx7hbhsjdnfvsmy0uevfam	.eJxVjDsOwjAQBe_iGlms7dgLJT1niPZjkwCKpTipEHeHSCmgfTPzXqandRn6teW5H9WcDZjD78YkjzxtQO803aqVOi3zyHZT7E6bvVbNz8vu_h0M1IZvXXI6inNOQvBdOYVYFDvSBMrBOUxM0YUuYioogiQs7MFHxAwFANS8P-ByN9U:1uXDLn:rnSJqMoNr42_fLI5q2dpcxJgFOms_puSuZVuLRSqKcI	2025-07-17 11:53:15.083258+05:30
pdzpo74txrh2ty1xmw0aubd50psk8z96	.eJxVjDsOwjAQBe_iGlms7dgLJT1niPZjkwCKpTipEHeHSCmgfTPzXqandRn6teW5H9WcDZjD78YkjzxtQO803aqVOi3zyHZT7E6bvVbNz8vu_h0M1IZvXXI6inNOQvBdOYVYFDvSBMrBOUxM0YUuYioogiQs7MFHxAwFANS8P-ByN9U:1uXEmd:mfWTJnog38TftvJyNeJDm4OxAHQEN_9uaPlTvMQV5VE	2025-07-17 13:25:03.240456+05:30
nvly2hbbnake0o26hi74pf20txzksox2	.eJxVjDsOwjAQBe_iGlms7dgLJT1niPZjkwCKpTipEHeHSCmgfTPzXqandRn6teW5H9WcDZjD78YkjzxtQO803aqVOi3zyHZT7E6bvVbNz8vu_h0M1IZvXXI6inNOQvBdOYVYFDvSBMrBOUxM0YUuYioogiQs7MFHxAwFANS8P-ByN9U:1uXGdR:y1RKTkZ4cTOOr7JRbvVr2TGjj3h66VQMcEljSguJOAo	2025-07-17 15:23:41.0074+05:30
feq5zr6tcj39fk3aoshmc0bbw2kdzlio	.eJxVjDsOwjAQBe_iGlms7dgLJT1niPZjkwCKpTipEHeHSCmgfTPzXqandRn6teW5H9WcDZjD78YkjzxtQO803aqVOi3zyHZT7E6bvVbNz8vu_h0M1IZvXXI6inNOQvBdOYVYFDvSBMrBOUxM0YUuYioogiQs7MFHxAwFANS8P-ByN9U:1uXd40:qKkimLcTjvbHWU3viLqCxJ-aGHJKSVzZXxEeuq2R4pw	2025-07-18 15:20:36.33919+05:30
2jpr6lytc8gtqo7hrz7adrr3rsziz0p0	.eJxVjDsOwjAQBe_iGlms7dgLJT1niPZjkwCKpTipEHeHSCmgfTPzXqandRn6teW5H9WcDZjD78YkjzxtQO803aqVOi3zyHZT7E6bvVbNz8vu_h0M1IZvXXI6inNOQvBdOYVYFDvSBMrBOUxM0YUuYioogiQs7MFHxAwFANS8P-ByN9U:1uYjZU:TrKLgN3dEaSs5EsBjR-tnRsa5AqyEYVURCTi9vILVI0	2025-07-21 16:29:40.761201+05:30
w0anf0kj8yo2thgakkaalw69xgzz5va2	.eJxVjDsOwjAQBe_iGlms7dgLJT1niPZjkwCKpTipEHeHSCmgfTPzXqandRn6teW5H9WcDZjD78YkjzxtQO803aqVOi3zyHZT7E6bvVbNz8vu_h0M1IZvXXI6inNOQvBdOYVYFDvSBMrBOUxM0YUuYioogiQs7MFHxAwFANS8P-ByN9U:1uaCI5:TNWOGZd0RWsv_EkS_SgfTxZhf_Y4AM4owFIxB2sWGN8	2025-07-25 17:21:45.115273+05:30
p1eiefr3bslrmw9nbnfjiieh0tr5d3ma	.eJxVjDsOwjAQBe_iGlms7dgLJT1niPZjkwCKpTipEHeHSCmgfTPzXqandRn6teW5H9WcDZjD78YkjzxtQO803aqVOi3zyHZT7E6bvVbNz8vu_h0M1IZvXXI6inNOQvBdOYVYFDvSBMrBOUxM0YUuYioogiQs7MFHxAwFANS8P-ByN9U:1ue5xs:zsNd0rp5hlbwH7uYmy5uTxQv0__bodPjMa5QDrJyQnI	2025-08-05 11:25:00.989631+05:30
6p8cpj77v20e1j0bwjy2ox7etlc77uo7	.eJxVjDsOwjAQBe_iGlms7dgLJT1niPZjkwCKpTipEHeHSCmgfTPzXqandRn6teW5H9WcDZjD78YkjzxtQO803aqVOi3zyHZT7E6bvVbNz8vu_h0M1IZvXXI6inNOQvBdOYVYFDvSBMrBOUxM0YUuYioogiQs7MFHxAwFANS8P-ByN9U:1ufBmu:GVOfX3gDD5FMUvT0LinxP251SSVM_usPvxF88DOecoA	2025-08-08 11:50:12.548741+05:30
\.


--
-- Name: Accountapp_addontable_id_seq; Type: SEQUENCE SET; Schema: public; Owner: admin
--

SELECT pg_catalog.setval('public."Accountapp_addontable_id_seq"', 1, true);


--
-- Name: Accountapp_addresstable_id_seq; Type: SEQUENCE SET; Schema: public; Owner: admin
--

SELECT pg_catalog.setval('public."Accountapp_addresstable_id_seq"', 1, false);


--
-- Name: Accountapp_billtable_id_seq; Type: SEQUENCE SET; Schema: public; Owner: admin
--

SELECT pg_catalog.setval('public."Accountapp_billtable_id_seq"', 1, false);


--
-- Name: Accountapp_branchtable_id_seq; Type: SEQUENCE SET; Schema: public; Owner: admin
--

SELECT pg_catalog.setval('public."Accountapp_branchtable_id_seq"', 2, true);


--
-- Name: Accountapp_carousel_id_seq; Type: SEQUENCE SET; Schema: public; Owner: admin
--

SELECT pg_catalog.setval('public."Accountapp_carousel_id_seq"', 2, true);


--
-- Name: Accountapp_carttable_id_seq; Type: SEQUENCE SET; Schema: public; Owner: admin
--

SELECT pg_catalog.setval('public."Accountapp_carttable_id_seq"', 57, true);


--
-- Name: Accountapp_categorytable_id_seq; Type: SEQUENCE SET; Schema: public; Owner: admin
--

SELECT pg_catalog.setval('public."Accountapp_categorytable_id_seq"', 1, true);


--
-- Name: Accountapp_complainttable_id_seq; Type: SEQUENCE SET; Schema: public; Owner: admin
--

SELECT pg_catalog.setval('public."Accountapp_complainttable_id_seq"', 1, false);


--
-- Name: Accountapp_coupontable_id_seq; Type: SEQUENCE SET; Schema: public; Owner: admin
--

SELECT pg_catalog.setval('public."Accountapp_coupontable_id_seq"', 1, true);


--
-- Name: Accountapp_deliveryboytable_id_seq; Type: SEQUENCE SET; Schema: public; Owner: admin
--

SELECT pg_catalog.setval('public."Accountapp_deliveryboytable_id_seq"', 1, false);


--
-- Name: Accountapp_deliverytable_id_seq; Type: SEQUENCE SET; Schema: public; Owner: admin
--

SELECT pg_catalog.setval('public."Accountapp_deliverytable_id_seq"', 1, false);


--
-- Name: Accountapp_diningtable_id_seq; Type: SEQUENCE SET; Schema: public; Owner: admin
--

SELECT pg_catalog.setval('public."Accountapp_diningtable_id_seq"', 1, false);


--
-- Name: Accountapp_feedbacktable_id_seq; Type: SEQUENCE SET; Schema: public; Owner: admin
--

SELECT pg_catalog.setval('public."Accountapp_feedbacktable_id_seq"', 1, false);


--
-- Name: Accountapp_floortable_id_seq; Type: SEQUENCE SET; Schema: public; Owner: admin
--

SELECT pg_catalog.setval('public."Accountapp_floortable_id_seq"', 1, false);


--
-- Name: Accountapp_itemimagetable_id_seq; Type: SEQUENCE SET; Schema: public; Owner: admin
--

SELECT pg_catalog.setval('public."Accountapp_itemimagetable_id_seq"', 4, true);


--
-- Name: Accountapp_itemtable_branches_id_seq; Type: SEQUENCE SET; Schema: public; Owner: admin
--

SELECT pg_catalog.setval('public."Accountapp_itemtable_branches_id_seq"', 4, true);


--
-- Name: Accountapp_itemtable_id_seq; Type: SEQUENCE SET; Schema: public; Owner: admin
--

SELECT pg_catalog.setval('public."Accountapp_itemtable_id_seq"', 4, true);


--
-- Name: Accountapp_itemvarianttable_id_seq; Type: SEQUENCE SET; Schema: public; Owner: admin
--

SELECT pg_catalog.setval('public."Accountapp_itemvarianttable_id_seq"', 7, true);


--
-- Name: Accountapp_logintable_groups_id_seq; Type: SEQUENCE SET; Schema: public; Owner: admin
--

SELECT pg_catalog.setval('public."Accountapp_logintable_groups_id_seq"', 1, false);


--
-- Name: Accountapp_logintable_id_seq; Type: SEQUENCE SET; Schema: public; Owner: admin
--

SELECT pg_catalog.setval('public."Accountapp_logintable_id_seq"', 30, true);


--
-- Name: Accountapp_logintable_user_permissions_id_seq; Type: SEQUENCE SET; Schema: public; Owner: admin
--

SELECT pg_catalog.setval('public."Accountapp_logintable_user_permissions_id_seq"', 1, false);


--
-- Name: Accountapp_logintable_user_roles_id_seq; Type: SEQUENCE SET; Schema: public; Owner: admin
--

SELECT pg_catalog.setval('public."Accountapp_logintable_user_roles_id_seq"', 27, true);


--
-- Name: Accountapp_managertable_id_seq; Type: SEQUENCE SET; Schema: public; Owner: admin
--

SELECT pg_catalog.setval('public."Accountapp_managertable_id_seq"', 1, false);


--
-- Name: Accountapp_offertable_id_seq; Type: SEQUENCE SET; Schema: public; Owner: admin
--

SELECT pg_catalog.setval('public."Accountapp_offertable_id_seq"', 1, false);


--
-- Name: Accountapp_orderitemtable_id_seq; Type: SEQUENCE SET; Schema: public; Owner: admin
--

SELECT pg_catalog.setval('public."Accountapp_orderitemtable_id_seq"', 1, false);


--
-- Name: Accountapp_ordertable_id_seq; Type: SEQUENCE SET; Schema: public; Owner: admin
--

SELECT pg_catalog.setval('public."Accountapp_ordertable_id_seq"', 1, false);


--
-- Name: Accountapp_paymenttable_id_seq; Type: SEQUENCE SET; Schema: public; Owner: admin
--

SELECT pg_catalog.setval('public."Accountapp_paymenttable_id_seq"', 1, false);


--
-- Name: Accountapp_printertable_id_seq; Type: SEQUENCE SET; Schema: public; Owner: admin
--

SELECT pg_catalog.setval('public."Accountapp_printertable_id_seq"', 1, false);


--
-- Name: Accountapp_printertable_subsubcategories_id_seq; Type: SEQUENCE SET; Schema: public; Owner: admin
--

SELECT pg_catalog.setval('public."Accountapp_printertable_subsubcategories_id_seq"', 1, false);


--
-- Name: Accountapp_profiletable_id_seq; Type: SEQUENCE SET; Schema: public; Owner: admin
--

SELECT pg_catalog.setval('public."Accountapp_profiletable_id_seq"', 24, true);


--
-- Name: Accountapp_ratingtable_id_seq; Type: SEQUENCE SET; Schema: public; Owner: admin
--

SELECT pg_catalog.setval('public."Accountapp_ratingtable_id_seq"', 4, true);


--
-- Name: Accountapp_spotlighttable_id_seq; Type: SEQUENCE SET; Schema: public; Owner: admin
--

SELECT pg_catalog.setval('public."Accountapp_spotlighttable_id_seq"', 2, true);


--
-- Name: Accountapp_subcategorytable_id_seq; Type: SEQUENCE SET; Schema: public; Owner: admin
--

SELECT pg_catalog.setval('public."Accountapp_subcategorytable_id_seq"', 3, true);


--
-- Name: Accountapp_subsubcategorytable_id_seq; Type: SEQUENCE SET; Schema: public; Owner: admin
--

SELECT pg_catalog.setval('public."Accountapp_subsubcategorytable_id_seq"', 3, true);


--
-- Name: Accountapp_userrole_id_seq; Type: SEQUENCE SET; Schema: public; Owner: admin
--

SELECT pg_catalog.setval('public."Accountapp_userrole_id_seq"', 2, true);


--
-- Name: Accountapp_voicedescription_id_seq; Type: SEQUENCE SET; Schema: public; Owner: admin
--

SELECT pg_catalog.setval('public."Accountapp_voicedescription_id_seq"', 3, true);


--
-- Name: Accountapp_vouchertable_id_seq; Type: SEQUENCE SET; Schema: public; Owner: admin
--

SELECT pg_catalog.setval('public."Accountapp_vouchertable_id_seq"', 1, false);


--
-- Name: Accountapp_waitertable_id_seq; Type: SEQUENCE SET; Schema: public; Owner: admin
--

SELECT pg_catalog.setval('public."Accountapp_waitertable_id_seq"', 1, false);


--
-- Name: Accountapp_wishlisttable_id_seq; Type: SEQUENCE SET; Schema: public; Owner: admin
--

SELECT pg_catalog.setval('public."Accountapp_wishlisttable_id_seq"', 31, true);


--
-- Name: auth_group_id_seq; Type: SEQUENCE SET; Schema: public; Owner: admin
--

SELECT pg_catalog.setval('public.auth_group_id_seq', 1, false);


--
-- Name: auth_group_permissions_id_seq; Type: SEQUENCE SET; Schema: public; Owner: admin
--

SELECT pg_catalog.setval('public.auth_group_permissions_id_seq', 1, false);


--
-- Name: auth_permission_id_seq; Type: SEQUENCE SET; Schema: public; Owner: admin
--

SELECT pg_catalog.setval('public.auth_permission_id_seq', 172, true);


--
-- Name: django_admin_log_id_seq; Type: SEQUENCE SET; Schema: public; Owner: admin
--

SELECT pg_catalog.setval('public.django_admin_log_id_seq', 1, false);


--
-- Name: django_content_type_id_seq; Type: SEQUENCE SET; Schema: public; Owner: admin
--

SELECT pg_catalog.setval('public.django_content_type_id_seq', 43, true);


--
-- Name: django_migrations_id_seq; Type: SEQUENCE SET; Schema: public; Owner: admin
--

SELECT pg_catalog.setval('public.django_migrations_id_seq', 63, true);


--
-- Name: Accountapp_addontable Accountapp_addontable_pkey; Type: CONSTRAINT; Schema: public; Owner: admin
--

ALTER TABLE ONLY public."Accountapp_addontable"
    ADD CONSTRAINT "Accountapp_addontable_pkey" PRIMARY KEY (id);


--
-- Name: Accountapp_addresstable Accountapp_addresstable_pkey; Type: CONSTRAINT; Schema: public; Owner: admin
--

ALTER TABLE ONLY public."Accountapp_addresstable"
    ADD CONSTRAINT "Accountapp_addresstable_pkey" PRIMARY KEY (id);


--
-- Name: Accountapp_billtable Accountapp_billtable_bill_number_key; Type: CONSTRAINT; Schema: public; Owner: admin
--

ALTER TABLE ONLY public."Accountapp_billtable"
    ADD CONSTRAINT "Accountapp_billtable_bill_number_key" UNIQUE (bill_number);


--
-- Name: Accountapp_billtable Accountapp_billtable_order_id_key; Type: CONSTRAINT; Schema: public; Owner: admin
--

ALTER TABLE ONLY public."Accountapp_billtable"
    ADD CONSTRAINT "Accountapp_billtable_order_id_key" UNIQUE (order_id);


--
-- Name: Accountapp_billtable Accountapp_billtable_pkey; Type: CONSTRAINT; Schema: public; Owner: admin
--

ALTER TABLE ONLY public."Accountapp_billtable"
    ADD CONSTRAINT "Accountapp_billtable_pkey" PRIMARY KEY (id);


--
-- Name: Accountapp_branchtable Accountapp_branchtable_name_key; Type: CONSTRAINT; Schema: public; Owner: admin
--

ALTER TABLE ONLY public."Accountapp_branchtable"
    ADD CONSTRAINT "Accountapp_branchtable_name_key" UNIQUE (name);


--
-- Name: Accountapp_branchtable Accountapp_branchtable_pkey; Type: CONSTRAINT; Schema: public; Owner: admin
--

ALTER TABLE ONLY public."Accountapp_branchtable"
    ADD CONSTRAINT "Accountapp_branchtable_pkey" PRIMARY KEY (id);


--
-- Name: Accountapp_carouseltable Accountapp_carousel_pkey; Type: CONSTRAINT; Schema: public; Owner: admin
--

ALTER TABLE ONLY public."Accountapp_carouseltable"
    ADD CONSTRAINT "Accountapp_carousel_pkey" PRIMARY KEY (id);


--
-- Name: Accountapp_carttable Accountapp_carttable_pkey; Type: CONSTRAINT; Schema: public; Owner: admin
--

ALTER TABLE ONLY public."Accountapp_carttable"
    ADD CONSTRAINT "Accountapp_carttable_pkey" PRIMARY KEY (id);


--
-- Name: Accountapp_categorytable Accountapp_categorytable_pkey; Type: CONSTRAINT; Schema: public; Owner: admin
--

ALTER TABLE ONLY public."Accountapp_categorytable"
    ADD CONSTRAINT "Accountapp_categorytable_pkey" PRIMARY KEY (id);


--
-- Name: Accountapp_complainttable Accountapp_complainttable_pkey; Type: CONSTRAINT; Schema: public; Owner: admin
--

ALTER TABLE ONLY public."Accountapp_complainttable"
    ADD CONSTRAINT "Accountapp_complainttable_pkey" PRIMARY KEY (id);


--
-- Name: Accountapp_coupontable Accountapp_coupontable_code_key; Type: CONSTRAINT; Schema: public; Owner: admin
--

ALTER TABLE ONLY public."Accountapp_coupontable"
    ADD CONSTRAINT "Accountapp_coupontable_code_key" UNIQUE (code);


--
-- Name: Accountapp_coupontable Accountapp_coupontable_pkey; Type: CONSTRAINT; Schema: public; Owner: admin
--

ALTER TABLE ONLY public."Accountapp_coupontable"
    ADD CONSTRAINT "Accountapp_coupontable_pkey" PRIMARY KEY (id);


--
-- Name: Accountapp_deliveryboytable Accountapp_deliveryboytable_pkey; Type: CONSTRAINT; Schema: public; Owner: admin
--

ALTER TABLE ONLY public."Accountapp_deliveryboytable"
    ADD CONSTRAINT "Accountapp_deliveryboytable_pkey" PRIMARY KEY (id);


--
-- Name: Accountapp_deliverytable Accountapp_deliverytable_pkey; Type: CONSTRAINT; Schema: public; Owner: admin
--

ALTER TABLE ONLY public."Accountapp_deliverytable"
    ADD CONSTRAINT "Accountapp_deliverytable_pkey" PRIMARY KEY (id);


--
-- Name: Accountapp_diningtable Accountapp_diningtable_branch_id_floor_table_nu_572e6349_uniq; Type: CONSTRAINT; Schema: public; Owner: admin
--

ALTER TABLE ONLY public."Accountapp_diningtable"
    ADD CONSTRAINT "Accountapp_diningtable_branch_id_floor_table_nu_572e6349_uniq" UNIQUE (branch_id, floor, table_number);


--
-- Name: Accountapp_diningtable Accountapp_diningtable_pkey; Type: CONSTRAINT; Schema: public; Owner: admin
--

ALTER TABLE ONLY public."Accountapp_diningtable"
    ADD CONSTRAINT "Accountapp_diningtable_pkey" PRIMARY KEY (id);


--
-- Name: Accountapp_feedbacktable Accountapp_feedbacktable_pkey; Type: CONSTRAINT; Schema: public; Owner: admin
--

ALTER TABLE ONLY public."Accountapp_feedbacktable"
    ADD CONSTRAINT "Accountapp_feedbacktable_pkey" PRIMARY KEY (id);


--
-- Name: Accountapp_floortable Accountapp_floortable_branch_id_floor_number_3e6fa908_uniq; Type: CONSTRAINT; Schema: public; Owner: admin
--

ALTER TABLE ONLY public."Accountapp_floortable"
    ADD CONSTRAINT "Accountapp_floortable_branch_id_floor_number_3e6fa908_uniq" UNIQUE (branch_id, floor_number);


--
-- Name: Accountapp_floortable Accountapp_floortable_pkey; Type: CONSTRAINT; Schema: public; Owner: admin
--

ALTER TABLE ONLY public."Accountapp_floortable"
    ADD CONSTRAINT "Accountapp_floortable_pkey" PRIMARY KEY (id);


--
-- Name: Accountapp_itemimagetable Accountapp_itemimagetable_pkey; Type: CONSTRAINT; Schema: public; Owner: admin
--

ALTER TABLE ONLY public."Accountapp_itemimagetable"
    ADD CONSTRAINT "Accountapp_itemimagetable_pkey" PRIMARY KEY (id);


--
-- Name: Accountapp_itemtable_branches Accountapp_itemtable_bra_itemtable_id_branchtable_82e611a4_uniq; Type: CONSTRAINT; Schema: public; Owner: admin
--

ALTER TABLE ONLY public."Accountapp_itemtable_branches"
    ADD CONSTRAINT "Accountapp_itemtable_bra_itemtable_id_branchtable_82e611a4_uniq" UNIQUE (itemtable_id, branchtable_id);


--
-- Name: Accountapp_itemtable_branches Accountapp_itemtable_branches_pkey; Type: CONSTRAINT; Schema: public; Owner: admin
--

ALTER TABLE ONLY public."Accountapp_itemtable_branches"
    ADD CONSTRAINT "Accountapp_itemtable_branches_pkey" PRIMARY KEY (id);


--
-- Name: Accountapp_itemtable Accountapp_itemtable_pkey; Type: CONSTRAINT; Schema: public; Owner: admin
--

ALTER TABLE ONLY public."Accountapp_itemtable"
    ADD CONSTRAINT "Accountapp_itemtable_pkey" PRIMARY KEY (id);


--
-- Name: Accountapp_itemvarianttable Accountapp_itemvarianttable_pkey; Type: CONSTRAINT; Schema: public; Owner: admin
--

ALTER TABLE ONLY public."Accountapp_itemvarianttable"
    ADD CONSTRAINT "Accountapp_itemvarianttable_pkey" PRIMARY KEY (id);


--
-- Name: Accountapp_logintable_groups Accountapp_logintable_gr_logintable_id_group_id_a902b8eb_uniq; Type: CONSTRAINT; Schema: public; Owner: admin
--

ALTER TABLE ONLY public."Accountapp_logintable_groups"
    ADD CONSTRAINT "Accountapp_logintable_gr_logintable_id_group_id_a902b8eb_uniq" UNIQUE (logintable_id, group_id);


--
-- Name: Accountapp_logintable_groups Accountapp_logintable_groups_pkey; Type: CONSTRAINT; Schema: public; Owner: admin
--

ALTER TABLE ONLY public."Accountapp_logintable_groups"
    ADD CONSTRAINT "Accountapp_logintable_groups_pkey" PRIMARY KEY (id);


--
-- Name: Accountapp_logintable Accountapp_logintable_phone_key; Type: CONSTRAINT; Schema: public; Owner: admin
--

ALTER TABLE ONLY public."Accountapp_logintable"
    ADD CONSTRAINT "Accountapp_logintable_phone_key" UNIQUE (phone);


--
-- Name: Accountapp_logintable Accountapp_logintable_pkey; Type: CONSTRAINT; Schema: public; Owner: admin
--

ALTER TABLE ONLY public."Accountapp_logintable"
    ADD CONSTRAINT "Accountapp_logintable_pkey" PRIMARY KEY (id);


--
-- Name: Accountapp_logintable_user_permissions Accountapp_logintable_us_logintable_id_permission_8113b901_uniq; Type: CONSTRAINT; Schema: public; Owner: admin
--

ALTER TABLE ONLY public."Accountapp_logintable_user_permissions"
    ADD CONSTRAINT "Accountapp_logintable_us_logintable_id_permission_8113b901_uniq" UNIQUE (logintable_id, permission_id);


--
-- Name: Accountapp_logintable_user_roles Accountapp_logintable_us_logintable_id_userrole_i_a7ec6ebd_uniq; Type: CONSTRAINT; Schema: public; Owner: admin
--

ALTER TABLE ONLY public."Accountapp_logintable_user_roles"
    ADD CONSTRAINT "Accountapp_logintable_us_logintable_id_userrole_i_a7ec6ebd_uniq" UNIQUE (logintable_id, userrole_id);


--
-- Name: Accountapp_logintable_user_permissions Accountapp_logintable_user_permissions_pkey; Type: CONSTRAINT; Schema: public; Owner: admin
--

ALTER TABLE ONLY public."Accountapp_logintable_user_permissions"
    ADD CONSTRAINT "Accountapp_logintable_user_permissions_pkey" PRIMARY KEY (id);


--
-- Name: Accountapp_logintable_user_roles Accountapp_logintable_user_roles_pkey; Type: CONSTRAINT; Schema: public; Owner: admin
--

ALTER TABLE ONLY public."Accountapp_logintable_user_roles"
    ADD CONSTRAINT "Accountapp_logintable_user_roles_pkey" PRIMARY KEY (id);


--
-- Name: Accountapp_logintable Accountapp_logintable_username_key; Type: CONSTRAINT; Schema: public; Owner: admin
--

ALTER TABLE ONLY public."Accountapp_logintable"
    ADD CONSTRAINT "Accountapp_logintable_username_key" UNIQUE (username);


--
-- Name: Accountapp_managertable Accountapp_managertable_pkey; Type: CONSTRAINT; Schema: public; Owner: admin
--

ALTER TABLE ONLY public."Accountapp_managertable"
    ADD CONSTRAINT "Accountapp_managertable_pkey" PRIMARY KEY (id);


--
-- Name: Accountapp_offertable Accountapp_offertable_pkey; Type: CONSTRAINT; Schema: public; Owner: admin
--

ALTER TABLE ONLY public."Accountapp_offertable"
    ADD CONSTRAINT "Accountapp_offertable_pkey" PRIMARY KEY (id);


--
-- Name: Accountapp_orderitemtable Accountapp_orderitemtable_pkey; Type: CONSTRAINT; Schema: public; Owner: admin
--

ALTER TABLE ONLY public."Accountapp_orderitemtable"
    ADD CONSTRAINT "Accountapp_orderitemtable_pkey" PRIMARY KEY (id);


--
-- Name: Accountapp_ordertable Accountapp_ordertable_pkey; Type: CONSTRAINT; Schema: public; Owner: admin
--

ALTER TABLE ONLY public."Accountapp_ordertable"
    ADD CONSTRAINT "Accountapp_ordertable_pkey" PRIMARY KEY (id);


--
-- Name: Accountapp_paymenttable Accountapp_paymenttable_pkey; Type: CONSTRAINT; Schema: public; Owner: admin
--

ALTER TABLE ONLY public."Accountapp_paymenttable"
    ADD CONSTRAINT "Accountapp_paymenttable_pkey" PRIMARY KEY (id);


--
-- Name: Accountapp_paymenttable Accountapp_paymenttable_transaction_id_key; Type: CONSTRAINT; Schema: public; Owner: admin
--

ALTER TABLE ONLY public."Accountapp_paymenttable"
    ADD CONSTRAINT "Accountapp_paymenttable_transaction_id_key" UNIQUE (transaction_id);


--
-- Name: Accountapp_printertable_subsubcategories Accountapp_printertable__printertable_id_subsubca_620df918_uniq; Type: CONSTRAINT; Schema: public; Owner: admin
--

ALTER TABLE ONLY public."Accountapp_printertable_subsubcategories"
    ADD CONSTRAINT "Accountapp_printertable__printertable_id_subsubca_620df918_uniq" UNIQUE (printertable_id, subsubcategorytable_id);


--
-- Name: Accountapp_printertable Accountapp_printertable_name_key; Type: CONSTRAINT; Schema: public; Owner: admin
--

ALTER TABLE ONLY public."Accountapp_printertable"
    ADD CONSTRAINT "Accountapp_printertable_name_key" UNIQUE (name);


--
-- Name: Accountapp_printertable Accountapp_printertable_pkey; Type: CONSTRAINT; Schema: public; Owner: admin
--

ALTER TABLE ONLY public."Accountapp_printertable"
    ADD CONSTRAINT "Accountapp_printertable_pkey" PRIMARY KEY (id);


--
-- Name: Accountapp_printertable_subsubcategories Accountapp_printertable_subsubcategories_pkey; Type: CONSTRAINT; Schema: public; Owner: admin
--

ALTER TABLE ONLY public."Accountapp_printertable_subsubcategories"
    ADD CONSTRAINT "Accountapp_printertable_subsubcategories_pkey" PRIMARY KEY (id);


--
-- Name: Accountapp_profiletable Accountapp_profiletable_pkey; Type: CONSTRAINT; Schema: public; Owner: admin
--

ALTER TABLE ONLY public."Accountapp_profiletable"
    ADD CONSTRAINT "Accountapp_profiletable_pkey" PRIMARY KEY (id);


--
-- Name: Accountapp_ratingtable Accountapp_ratingtable_pkey; Type: CONSTRAINT; Schema: public; Owner: admin
--

ALTER TABLE ONLY public."Accountapp_ratingtable"
    ADD CONSTRAINT "Accountapp_ratingtable_pkey" PRIMARY KEY (id);


--
-- Name: Accountapp_spotlighttable Accountapp_spotlighttable_pkey; Type: CONSTRAINT; Schema: public; Owner: admin
--

ALTER TABLE ONLY public."Accountapp_spotlighttable"
    ADD CONSTRAINT "Accountapp_spotlighttable_pkey" PRIMARY KEY (id);


--
-- Name: Accountapp_subcategorytable Accountapp_subcategorytable_pkey; Type: CONSTRAINT; Schema: public; Owner: admin
--

ALTER TABLE ONLY public."Accountapp_subcategorytable"
    ADD CONSTRAINT "Accountapp_subcategorytable_pkey" PRIMARY KEY (id);


--
-- Name: Accountapp_subsubcategorytable Accountapp_subsubcategorytable_pkey; Type: CONSTRAINT; Schema: public; Owner: admin
--

ALTER TABLE ONLY public."Accountapp_subsubcategorytable"
    ADD CONSTRAINT "Accountapp_subsubcategorytable_pkey" PRIMARY KEY (id);


--
-- Name: Accountapp_userrole Accountapp_userrole_pkey; Type: CONSTRAINT; Schema: public; Owner: admin
--

ALTER TABLE ONLY public."Accountapp_userrole"
    ADD CONSTRAINT "Accountapp_userrole_pkey" PRIMARY KEY (id);


--
-- Name: Accountapp_userrole Accountapp_userrole_role_key; Type: CONSTRAINT; Schema: public; Owner: admin
--

ALTER TABLE ONLY public."Accountapp_userrole"
    ADD CONSTRAINT "Accountapp_userrole_role_key" UNIQUE (role);


--
-- Name: Accountapp_voicedescriptiontable Accountapp_voicedescription_pkey; Type: CONSTRAINT; Schema: public; Owner: admin
--

ALTER TABLE ONLY public."Accountapp_voicedescriptiontable"
    ADD CONSTRAINT "Accountapp_voicedescription_pkey" PRIMARY KEY (id);


--
-- Name: Accountapp_vouchertable Accountapp_vouchertable_code_key; Type: CONSTRAINT; Schema: public; Owner: admin
--

ALTER TABLE ONLY public."Accountapp_vouchertable"
    ADD CONSTRAINT "Accountapp_vouchertable_code_key" UNIQUE (code);


--
-- Name: Accountapp_vouchertable Accountapp_vouchertable_pkey; Type: CONSTRAINT; Schema: public; Owner: admin
--

ALTER TABLE ONLY public."Accountapp_vouchertable"
    ADD CONSTRAINT "Accountapp_vouchertable_pkey" PRIMARY KEY (id);


--
-- Name: Accountapp_waitertable Accountapp_waitertable_pkey; Type: CONSTRAINT; Schema: public; Owner: admin
--

ALTER TABLE ONLY public."Accountapp_waitertable"
    ADD CONSTRAINT "Accountapp_waitertable_pkey" PRIMARY KEY (id);


--
-- Name: Accountapp_wishlisttable Accountapp_wishlisttable_pkey; Type: CONSTRAINT; Schema: public; Owner: admin
--

ALTER TABLE ONLY public."Accountapp_wishlisttable"
    ADD CONSTRAINT "Accountapp_wishlisttable_pkey" PRIMARY KEY (id);


--
-- Name: auth_group auth_group_name_key; Type: CONSTRAINT; Schema: public; Owner: admin
--

ALTER TABLE ONLY public.auth_group
    ADD CONSTRAINT auth_group_name_key UNIQUE (name);


--
-- Name: auth_group_permissions auth_group_permissions_group_id_permission_id_0cd325b0_uniq; Type: CONSTRAINT; Schema: public; Owner: admin
--

ALTER TABLE ONLY public.auth_group_permissions
    ADD CONSTRAINT auth_group_permissions_group_id_permission_id_0cd325b0_uniq UNIQUE (group_id, permission_id);


--
-- Name: auth_group_permissions auth_group_permissions_pkey; Type: CONSTRAINT; Schema: public; Owner: admin
--

ALTER TABLE ONLY public.auth_group_permissions
    ADD CONSTRAINT auth_group_permissions_pkey PRIMARY KEY (id);


--
-- Name: auth_group auth_group_pkey; Type: CONSTRAINT; Schema: public; Owner: admin
--

ALTER TABLE ONLY public.auth_group
    ADD CONSTRAINT auth_group_pkey PRIMARY KEY (id);


--
-- Name: auth_permission auth_permission_content_type_id_codename_01ab375a_uniq; Type: CONSTRAINT; Schema: public; Owner: admin
--

ALTER TABLE ONLY public.auth_permission
    ADD CONSTRAINT auth_permission_content_type_id_codename_01ab375a_uniq UNIQUE (content_type_id, codename);


--
-- Name: auth_permission auth_permission_pkey; Type: CONSTRAINT; Schema: public; Owner: admin
--

ALTER TABLE ONLY public.auth_permission
    ADD CONSTRAINT auth_permission_pkey PRIMARY KEY (id);


--
-- Name: authtoken_token authtoken_token_pkey; Type: CONSTRAINT; Schema: public; Owner: admin
--

ALTER TABLE ONLY public.authtoken_token
    ADD CONSTRAINT authtoken_token_pkey PRIMARY KEY (key);


--
-- Name: authtoken_token authtoken_token_user_id_key; Type: CONSTRAINT; Schema: public; Owner: admin
--

ALTER TABLE ONLY public.authtoken_token
    ADD CONSTRAINT authtoken_token_user_id_key UNIQUE (user_id);


--
-- Name: django_admin_log django_admin_log_pkey; Type: CONSTRAINT; Schema: public; Owner: admin
--

ALTER TABLE ONLY public.django_admin_log
    ADD CONSTRAINT django_admin_log_pkey PRIMARY KEY (id);


--
-- Name: django_content_type django_content_type_app_label_model_76bd3d3b_uniq; Type: CONSTRAINT; Schema: public; Owner: admin
--

ALTER TABLE ONLY public.django_content_type
    ADD CONSTRAINT django_content_type_app_label_model_76bd3d3b_uniq UNIQUE (app_label, model);


--
-- Name: django_content_type django_content_type_pkey; Type: CONSTRAINT; Schema: public; Owner: admin
--

ALTER TABLE ONLY public.django_content_type
    ADD CONSTRAINT django_content_type_pkey PRIMARY KEY (id);


--
-- Name: django_migrations django_migrations_pkey; Type: CONSTRAINT; Schema: public; Owner: admin
--

ALTER TABLE ONLY public.django_migrations
    ADD CONSTRAINT django_migrations_pkey PRIMARY KEY (id);


--
-- Name: django_session django_session_pkey; Type: CONSTRAINT; Schema: public; Owner: admin
--

ALTER TABLE ONLY public.django_session
    ADD CONSTRAINT django_session_pkey PRIMARY KEY (session_key);


--
-- Name: Accountapp_addontable_item_id_4f1a1410; Type: INDEX; Schema: public; Owner: admin
--

CREATE INDEX "Accountapp_addontable_item_id_4f1a1410" ON public."Accountapp_addontable" USING btree (item_id);


--
-- Name: Accountapp_billtable_bill_number_b60a5f4f_like; Type: INDEX; Schema: public; Owner: admin
--

CREATE INDEX "Accountapp_billtable_bill_number_b60a5f4f_like" ON public."Accountapp_billtable" USING btree (bill_number varchar_pattern_ops);


--
-- Name: Accountapp_billtable_branch_id_c03361d9; Type: INDEX; Schema: public; Owner: admin
--

CREATE INDEX "Accountapp_billtable_branch_id_c03361d9" ON public."Accountapp_billtable" USING btree (branch_id);


--
-- Name: Accountapp_billtable_table_id_bfe5ba95; Type: INDEX; Schema: public; Owner: admin
--

CREATE INDEX "Accountapp_billtable_table_id_bfe5ba95" ON public."Accountapp_billtable" USING btree (table_id);


--
-- Name: Accountapp_billtable_waiter_id_3a79e3b3; Type: INDEX; Schema: public; Owner: admin
--

CREATE INDEX "Accountapp_billtable_waiter_id_3a79e3b3" ON public."Accountapp_billtable" USING btree (waiter_id);


--
-- Name: Accountapp_branchtable_managers_id_bda0f4f4; Type: INDEX; Schema: public; Owner: admin
--

CREATE INDEX "Accountapp_branchtable_managers_id_bda0f4f4" ON public."Accountapp_branchtable" USING btree (manager_id);


--
-- Name: Accountapp_branchtable_name_1d4d4e5a_like; Type: INDEX; Schema: public; Owner: admin
--

CREATE INDEX "Accountapp_branchtable_name_1d4d4e5a_like" ON public."Accountapp_branchtable" USING btree (name varchar_pattern_ops);


--
-- Name: Accountapp_carousel_branch_id_d9921ef2; Type: INDEX; Schema: public; Owner: admin
--

CREATE INDEX "Accountapp_carousel_branch_id_d9921ef2" ON public."Accountapp_carouseltable" USING btree (branch_id);


--
-- Name: Accountapp_carousel_category_id_3e273cb8; Type: INDEX; Schema: public; Owner: admin
--

CREATE INDEX "Accountapp_carousel_category_id_3e273cb8" ON public."Accountapp_carouseltable" USING btree (category_id);


--
-- Name: Accountapp_carttable_addon_id_8bdc6a64; Type: INDEX; Schema: public; Owner: admin
--

CREATE INDEX "Accountapp_carttable_addon_id_8bdc6a64" ON public."Accountapp_carttable" USING btree (addon_id);


--
-- Name: Accountapp_carttable_fooditem_id_d7fc3578; Type: INDEX; Schema: public; Owner: admin
--

CREATE INDEX "Accountapp_carttable_fooditem_id_d7fc3578" ON public."Accountapp_carttable" USING btree (fooditem_id);


--
-- Name: Accountapp_carttable_userid_id_8be8c1d9; Type: INDEX; Schema: public; Owner: admin
--

CREATE INDEX "Accountapp_carttable_userid_id_8be8c1d9" ON public."Accountapp_carttable" USING btree (userid_id);


--
-- Name: Accountapp_complainttable_deliveryid_id_9423085f; Type: INDEX; Schema: public; Owner: admin
--

CREATE INDEX "Accountapp_complainttable_deliveryid_id_9423085f" ON public."Accountapp_complainttable" USING btree (deliveryid_id);


--
-- Name: Accountapp_complainttable_userid_id_0d705baa; Type: INDEX; Schema: public; Owner: admin
--

CREATE INDEX "Accountapp_complainttable_userid_id_0d705baa" ON public."Accountapp_complainttable" USING btree (userid_id);


--
-- Name: Accountapp_coupontable_code_f2de8af2_like; Type: INDEX; Schema: public; Owner: admin
--

CREATE INDEX "Accountapp_coupontable_code_f2de8af2_like" ON public."Accountapp_coupontable" USING btree (code varchar_pattern_ops);


--
-- Name: Accountapp_deliveryboytable_branch_id_9402dd98; Type: INDEX; Schema: public; Owner: admin
--

CREATE INDEX "Accountapp_deliveryboytable_branch_id_9402dd98" ON public."Accountapp_deliveryboytable" USING btree (branch_id);


--
-- Name: Accountapp_deliveryboytable_userid_id_ceba975d; Type: INDEX; Schema: public; Owner: admin
--

CREATE INDEX "Accountapp_deliveryboytable_userid_id_ceba975d" ON public."Accountapp_deliveryboytable" USING btree (userid_id);


--
-- Name: Accountapp_deliverytable_address_id_33286450; Type: INDEX; Schema: public; Owner: admin
--

CREATE INDEX "Accountapp_deliverytable_address_id_33286450" ON public."Accountapp_deliverytable" USING btree (address_id);


--
-- Name: Accountapp_deliverytable_order_id_53899b2e; Type: INDEX; Schema: public; Owner: admin
--

CREATE INDEX "Accountapp_deliverytable_order_id_53899b2e" ON public."Accountapp_deliverytable" USING btree (order_id);


--
-- Name: Accountapp_deliverytable_userid_id_44a43d1a; Type: INDEX; Schema: public; Owner: admin
--

CREATE INDEX "Accountapp_deliverytable_userid_id_44a43d1a" ON public."Accountapp_deliverytable" USING btree (userid_id);


--
-- Name: Accountapp_diningtable_branch_id_34a81507; Type: INDEX; Schema: public; Owner: admin
--

CREATE INDEX "Accountapp_diningtable_branch_id_34a81507" ON public."Accountapp_diningtable" USING btree (branch_id);


--
-- Name: Accountapp_feedbacktable_userid_id_c4d89c76; Type: INDEX; Schema: public; Owner: admin
--

CREATE INDEX "Accountapp_feedbacktable_userid_id_c4d89c76" ON public."Accountapp_feedbacktable" USING btree (userid_id);


--
-- Name: Accountapp_floortable_branch_id_6c03cafa; Type: INDEX; Schema: public; Owner: admin
--

CREATE INDEX "Accountapp_floortable_branch_id_6c03cafa" ON public."Accountapp_floortable" USING btree (branch_id);


--
-- Name: Accountapp_itemimagetable_item_id_7b1d310d; Type: INDEX; Schema: public; Owner: admin
--

CREATE INDEX "Accountapp_itemimagetable_item_id_7b1d310d" ON public."Accountapp_itemimagetable" USING btree (item_id);


--
-- Name: Accountapp_itemtable_branches_branchtable_id_b93176ef; Type: INDEX; Schema: public; Owner: admin
--

CREATE INDEX "Accountapp_itemtable_branches_branchtable_id_b93176ef" ON public."Accountapp_itemtable_branches" USING btree (branchtable_id);


--
-- Name: Accountapp_itemtable_branches_itemtable_id_00b08b53; Type: INDEX; Schema: public; Owner: admin
--

CREATE INDEX "Accountapp_itemtable_branches_itemtable_id_00b08b53" ON public."Accountapp_itemtable_branches" USING btree (itemtable_id);


--
-- Name: Accountapp_itemtable_category_id_fce6aed5; Type: INDEX; Schema: public; Owner: admin
--

CREATE INDEX "Accountapp_itemtable_category_id_fce6aed5" ON public."Accountapp_itemtable" USING btree (category_id);


--
-- Name: Accountapp_itemtable_subcategory_id_98dbf607; Type: INDEX; Schema: public; Owner: admin
--

CREATE INDEX "Accountapp_itemtable_subcategory_id_98dbf607" ON public."Accountapp_itemtable" USING btree (subcategory_id);


--
-- Name: Accountapp_itemtable_subsubcategory_id_2469ac54; Type: INDEX; Schema: public; Owner: admin
--

CREATE INDEX "Accountapp_itemtable_subsubcategory_id_2469ac54" ON public."Accountapp_itemtable" USING btree (subsubcategory_id);


--
-- Name: Accountapp_itemvarianttable_item_id_afda7b97; Type: INDEX; Schema: public; Owner: admin
--

CREATE INDEX "Accountapp_itemvarianttable_item_id_afda7b97" ON public."Accountapp_itemvarianttable" USING btree (item_id);


--
-- Name: Accountapp_logintable_groups_group_id_3a4353b6; Type: INDEX; Schema: public; Owner: admin
--

CREATE INDEX "Accountapp_logintable_groups_group_id_3a4353b6" ON public."Accountapp_logintable_groups" USING btree (group_id);


--
-- Name: Accountapp_logintable_groups_logintable_id_2c871a20; Type: INDEX; Schema: public; Owner: admin
--

CREATE INDEX "Accountapp_logintable_groups_logintable_id_2c871a20" ON public."Accountapp_logintable_groups" USING btree (logintable_id);


--
-- Name: Accountapp_logintable_phone_47483060_like; Type: INDEX; Schema: public; Owner: admin
--

CREATE INDEX "Accountapp_logintable_phone_47483060_like" ON public."Accountapp_logintable" USING btree (phone varchar_pattern_ops);


--
-- Name: Accountapp_logintable_user_permissions_logintable_id_f846ec1c; Type: INDEX; Schema: public; Owner: admin
--

CREATE INDEX "Accountapp_logintable_user_permissions_logintable_id_f846ec1c" ON public."Accountapp_logintable_user_permissions" USING btree (logintable_id);


--
-- Name: Accountapp_logintable_user_permissions_permission_id_71acd612; Type: INDEX; Schema: public; Owner: admin
--

CREATE INDEX "Accountapp_logintable_user_permissions_permission_id_71acd612" ON public."Accountapp_logintable_user_permissions" USING btree (permission_id);


--
-- Name: Accountapp_logintable_user_roles_logintable_id_d0f2f1ce; Type: INDEX; Schema: public; Owner: admin
--

CREATE INDEX "Accountapp_logintable_user_roles_logintable_id_d0f2f1ce" ON public."Accountapp_logintable_user_roles" USING btree (logintable_id);


--
-- Name: Accountapp_logintable_user_roles_userrole_id_87d80dd7; Type: INDEX; Schema: public; Owner: admin
--

CREATE INDEX "Accountapp_logintable_user_roles_userrole_id_87d80dd7" ON public."Accountapp_logintable_user_roles" USING btree (userrole_id);


--
-- Name: Accountapp_logintable_username_356517c3_like; Type: INDEX; Schema: public; Owner: admin
--

CREATE INDEX "Accountapp_logintable_username_356517c3_like" ON public."Accountapp_logintable" USING btree (username varchar_pattern_ops);


--
-- Name: Accountapp_managertable_userid_id_c7076ae3; Type: INDEX; Schema: public; Owner: admin
--

CREATE INDEX "Accountapp_managertable_userid_id_c7076ae3" ON public."Accountapp_managertable" USING btree (userid_id);


--
-- Name: Accountapp_offertable_branch_id_d245ab71; Type: INDEX; Schema: public; Owner: admin
--

CREATE INDEX "Accountapp_offertable_branch_id_d245ab71" ON public."Accountapp_offertable" USING btree (branch_id);


--
-- Name: Accountapp_offertable_itemid_id_de453c37; Type: INDEX; Schema: public; Owner: admin
--

CREATE INDEX "Accountapp_offertable_itemid_id_de453c37" ON public."Accountapp_offertable" USING btree (itemid_id);


--
-- Name: Accountapp_orderitemtable_addon_id_5b5cde29; Type: INDEX; Schema: public; Owner: admin
--

CREATE INDEX "Accountapp_orderitemtable_addon_id_5b5cde29" ON public."Accountapp_orderitemtable" USING btree (addon_id);


--
-- Name: Accountapp_orderitemtable_itemname_id_72201b2b; Type: INDEX; Schema: public; Owner: admin
--

CREATE INDEX "Accountapp_orderitemtable_itemname_id_72201b2b" ON public."Accountapp_orderitemtable" USING btree (itemname_id);


--
-- Name: Accountapp_orderitemtable_order_id_3624bb87; Type: INDEX; Schema: public; Owner: admin
--

CREATE INDEX "Accountapp_orderitemtable_order_id_3624bb87" ON public."Accountapp_orderitemtable" USING btree (order_id);


--
-- Name: Accountapp_ordertable_branch_id_b4517bef; Type: INDEX; Schema: public; Owner: admin
--

CREATE INDEX "Accountapp_ordertable_branch_id_b4517bef" ON public."Accountapp_ordertable" USING btree (branch_id);


--
-- Name: Accountapp_ordertable_deliveryid_id_e52b0869; Type: INDEX; Schema: public; Owner: admin
--

CREATE INDEX "Accountapp_ordertable_deliveryid_id_e52b0869" ON public."Accountapp_ordertable" USING btree (deliveryid_id);


--
-- Name: Accountapp_ordertable_userid_id_54509306; Type: INDEX; Schema: public; Owner: admin
--

CREATE INDEX "Accountapp_ordertable_userid_id_54509306" ON public."Accountapp_ordertable" USING btree (userid_id);


--
-- Name: Accountapp_paymenttable_order_id_528701f0; Type: INDEX; Schema: public; Owner: admin
--

CREATE INDEX "Accountapp_paymenttable_order_id_528701f0" ON public."Accountapp_paymenttable" USING btree (order_id);


--
-- Name: Accountapp_paymenttable_transaction_id_d748eb76_like; Type: INDEX; Schema: public; Owner: admin
--

CREATE INDEX "Accountapp_paymenttable_transaction_id_d748eb76_like" ON public."Accountapp_paymenttable" USING btree (transaction_id varchar_pattern_ops);


--
-- Name: Accountapp_printertable_branch_id_cb8a2947; Type: INDEX; Schema: public; Owner: admin
--

CREATE INDEX "Accountapp_printertable_branch_id_cb8a2947" ON public."Accountapp_printertable" USING btree (branch_id);


--
-- Name: Accountapp_printertable_name_704b476b_like; Type: INDEX; Schema: public; Owner: admin
--

CREATE INDEX "Accountapp_printertable_name_704b476b_like" ON public."Accountapp_printertable" USING btree (name varchar_pattern_ops);


--
-- Name: Accountapp_printertable_su_printertable_id_87387341; Type: INDEX; Schema: public; Owner: admin
--

CREATE INDEX "Accountapp_printertable_su_printertable_id_87387341" ON public."Accountapp_printertable_subsubcategories" USING btree (printertable_id);


--
-- Name: Accountapp_printertable_su_subsubcategorytable_id_d64f3158; Type: INDEX; Schema: public; Owner: admin
--

CREATE INDEX "Accountapp_printertable_su_subsubcategorytable_id_d64f3158" ON public."Accountapp_printertable_subsubcategories" USING btree (subsubcategorytable_id);


--
-- Name: Accountapp_profiletable_address_id_81fe2977; Type: INDEX; Schema: public; Owner: admin
--

CREATE INDEX "Accountapp_profiletable_address_id_81fe2977" ON public."Accountapp_profiletable" USING btree (address_id);


--
-- Name: Accountapp_profiletable_loginid_id_4803bc2a; Type: INDEX; Schema: public; Owner: admin
--

CREATE INDEX "Accountapp_profiletable_loginid_id_4803bc2a" ON public."Accountapp_profiletable" USING btree (loginid_id);


--
-- Name: Accountapp_ratingtable_itemid_id_ac552a50; Type: INDEX; Schema: public; Owner: admin
--

CREATE INDEX "Accountapp_ratingtable_itemid_id_ac552a50" ON public."Accountapp_ratingtable" USING btree (itemid_id);


--
-- Name: Accountapp_ratingtable_userid_id_1a75d3c1; Type: INDEX; Schema: public; Owner: admin
--

CREATE INDEX "Accountapp_ratingtable_userid_id_1a75d3c1" ON public."Accountapp_ratingtable" USING btree (userid_id);


--
-- Name: Accountapp_spotlighttable_branch_id_0284a8a0; Type: INDEX; Schema: public; Owner: admin
--

CREATE INDEX "Accountapp_spotlighttable_branch_id_0284a8a0" ON public."Accountapp_spotlighttable" USING btree (branch_id);


--
-- Name: Accountapp_spotlighttable_category_id_6ff0f002; Type: INDEX; Schema: public; Owner: admin
--

CREATE INDEX "Accountapp_spotlighttable_category_id_6ff0f002" ON public."Accountapp_spotlighttable" USING btree (category_id);


--
-- Name: Accountapp_subcategorytable_category_id_b3a342d0; Type: INDEX; Schema: public; Owner: admin
--

CREATE INDEX "Accountapp_subcategorytable_category_id_b3a342d0" ON public."Accountapp_subcategorytable" USING btree (category_id);


--
-- Name: Accountapp_subsubcategorytable_subcategory_id_93a319f4; Type: INDEX; Schema: public; Owner: admin
--

CREATE INDEX "Accountapp_subsubcategorytable_subcategory_id_93a319f4" ON public."Accountapp_subsubcategorytable" USING btree (subcategory_id);


--
-- Name: Accountapp_userrole_role_fbe939b0_like; Type: INDEX; Schema: public; Owner: admin
--

CREATE INDEX "Accountapp_userrole_role_fbe939b0_like" ON public."Accountapp_userrole" USING btree (role varchar_pattern_ops);


--
-- Name: Accountapp_voicedescription_item_id_27d7380b; Type: INDEX; Schema: public; Owner: admin
--

CREATE INDEX "Accountapp_voicedescription_item_id_27d7380b" ON public."Accountapp_voicedescriptiontable" USING btree (item_id);


--
-- Name: Accountapp_vouchertable_code_ab79bec3_like; Type: INDEX; Schema: public; Owner: admin
--

CREATE INDEX "Accountapp_vouchertable_code_ab79bec3_like" ON public."Accountapp_vouchertable" USING btree (code varchar_pattern_ops);


--
-- Name: Accountapp_vouchertable_userid_id_b430bda1; Type: INDEX; Schema: public; Owner: admin
--

CREATE INDEX "Accountapp_vouchertable_userid_id_b430bda1" ON public."Accountapp_vouchertable" USING btree (userid_id);


--
-- Name: Accountapp_waitertable_userid_id_69d47ac3; Type: INDEX; Schema: public; Owner: admin
--

CREATE INDEX "Accountapp_waitertable_userid_id_69d47ac3" ON public."Accountapp_waitertable" USING btree (userid_id);


--
-- Name: Accountapp_wishlisttable_fooditem_id_a6f319ef; Type: INDEX; Schema: public; Owner: admin
--

CREATE INDEX "Accountapp_wishlisttable_fooditem_id_a6f319ef" ON public."Accountapp_wishlisttable" USING btree (fooditem_id);


--
-- Name: Accountapp_wishlisttable_userid_id_d3155e3f; Type: INDEX; Schema: public; Owner: admin
--

CREATE INDEX "Accountapp_wishlisttable_userid_id_d3155e3f" ON public."Accountapp_wishlisttable" USING btree (userid_id);


--
-- Name: auth_group_name_a6ea08ec_like; Type: INDEX; Schema: public; Owner: admin
--

CREATE INDEX auth_group_name_a6ea08ec_like ON public.auth_group USING btree (name varchar_pattern_ops);


--
-- Name: auth_group_permissions_group_id_b120cbf9; Type: INDEX; Schema: public; Owner: admin
--

CREATE INDEX auth_group_permissions_group_id_b120cbf9 ON public.auth_group_permissions USING btree (group_id);


--
-- Name: auth_group_permissions_permission_id_84c5c92e; Type: INDEX; Schema: public; Owner: admin
--

CREATE INDEX auth_group_permissions_permission_id_84c5c92e ON public.auth_group_permissions USING btree (permission_id);


--
-- Name: auth_permission_content_type_id_2f476e4b; Type: INDEX; Schema: public; Owner: admin
--

CREATE INDEX auth_permission_content_type_id_2f476e4b ON public.auth_permission USING btree (content_type_id);


--
-- Name: authtoken_token_key_10f0b77e_like; Type: INDEX; Schema: public; Owner: admin
--

CREATE INDEX authtoken_token_key_10f0b77e_like ON public.authtoken_token USING btree (key varchar_pattern_ops);


--
-- Name: django_admin_log_content_type_id_c4bce8eb; Type: INDEX; Schema: public; Owner: admin
--

CREATE INDEX django_admin_log_content_type_id_c4bce8eb ON public.django_admin_log USING btree (content_type_id);


--
-- Name: django_admin_log_user_id_c564eba6; Type: INDEX; Schema: public; Owner: admin
--

CREATE INDEX django_admin_log_user_id_c564eba6 ON public.django_admin_log USING btree (user_id);


--
-- Name: django_session_expire_date_a5c62663; Type: INDEX; Schema: public; Owner: admin
--

CREATE INDEX django_session_expire_date_a5c62663 ON public.django_session USING btree (expire_date);


--
-- Name: django_session_session_key_c0390e0f_like; Type: INDEX; Schema: public; Owner: admin
--

CREATE INDEX django_session_session_key_c0390e0f_like ON public.django_session USING btree (session_key varchar_pattern_ops);


--
-- Name: Accountapp_addontable Accountapp_addontabl_item_id_4f1a1410_fk_Accountap; Type: FK CONSTRAINT; Schema: public; Owner: admin
--

ALTER TABLE ONLY public."Accountapp_addontable"
    ADD CONSTRAINT "Accountapp_addontabl_item_id_4f1a1410_fk_Accountap" FOREIGN KEY (item_id) REFERENCES public."Accountapp_itemtable"(id) DEFERRABLE INITIALLY DEFERRED;


--
-- Name: Accountapp_billtable Accountapp_billtable_branch_id_c03361d9_fk_Accountap; Type: FK CONSTRAINT; Schema: public; Owner: admin
--

ALTER TABLE ONLY public."Accountapp_billtable"
    ADD CONSTRAINT "Accountapp_billtable_branch_id_c03361d9_fk_Accountap" FOREIGN KEY (branch_id) REFERENCES public."Accountapp_branchtable"(id) DEFERRABLE INITIALLY DEFERRED;


--
-- Name: Accountapp_billtable Accountapp_billtable_order_id_ce46b480_fk_Accountap; Type: FK CONSTRAINT; Schema: public; Owner: admin
--

ALTER TABLE ONLY public."Accountapp_billtable"
    ADD CONSTRAINT "Accountapp_billtable_order_id_ce46b480_fk_Accountap" FOREIGN KEY (order_id) REFERENCES public."Accountapp_ordertable"(id) DEFERRABLE INITIALLY DEFERRED;


--
-- Name: Accountapp_billtable Accountapp_billtable_table_id_bfe5ba95_fk_Accountap; Type: FK CONSTRAINT; Schema: public; Owner: admin
--

ALTER TABLE ONLY public."Accountapp_billtable"
    ADD CONSTRAINT "Accountapp_billtable_table_id_bfe5ba95_fk_Accountap" FOREIGN KEY (table_id) REFERENCES public."Accountapp_diningtable"(id) DEFERRABLE INITIALLY DEFERRED;


--
-- Name: Accountapp_billtable Accountapp_billtable_waiter_id_3a79e3b3_fk_Accountap; Type: FK CONSTRAINT; Schema: public; Owner: admin
--

ALTER TABLE ONLY public."Accountapp_billtable"
    ADD CONSTRAINT "Accountapp_billtable_waiter_id_3a79e3b3_fk_Accountap" FOREIGN KEY (waiter_id) REFERENCES public."Accountapp_logintable"(id) DEFERRABLE INITIALLY DEFERRED;


--
-- Name: Accountapp_branchtable Accountapp_branchtab_manager_id_6d18d5bf_fk_Accountap; Type: FK CONSTRAINT; Schema: public; Owner: admin
--

ALTER TABLE ONLY public."Accountapp_branchtable"
    ADD CONSTRAINT "Accountapp_branchtab_manager_id_6d18d5bf_fk_Accountap" FOREIGN KEY (manager_id) REFERENCES public."Accountapp_logintable"(id) DEFERRABLE INITIALLY DEFERRED;


--
-- Name: Accountapp_carouseltable Accountapp_carousel_branch_id_d9921ef2_fk_Accountap; Type: FK CONSTRAINT; Schema: public; Owner: admin
--

ALTER TABLE ONLY public."Accountapp_carouseltable"
    ADD CONSTRAINT "Accountapp_carousel_branch_id_d9921ef2_fk_Accountap" FOREIGN KEY (branch_id) REFERENCES public."Accountapp_branchtable"(id) DEFERRABLE INITIALLY DEFERRED;


--
-- Name: Accountapp_carouseltable Accountapp_carousel_category_id_3e273cb8_fk_Accountap; Type: FK CONSTRAINT; Schema: public; Owner: admin
--

ALTER TABLE ONLY public."Accountapp_carouseltable"
    ADD CONSTRAINT "Accountapp_carousel_category_id_3e273cb8_fk_Accountap" FOREIGN KEY (category_id) REFERENCES public."Accountapp_subcategorytable"(id) DEFERRABLE INITIALLY DEFERRED;


--
-- Name: Accountapp_carttable Accountapp_carttable_addon_id_8bdc6a64_fk_Accountap; Type: FK CONSTRAINT; Schema: public; Owner: admin
--

ALTER TABLE ONLY public."Accountapp_carttable"
    ADD CONSTRAINT "Accountapp_carttable_addon_id_8bdc6a64_fk_Accountap" FOREIGN KEY (addon_id) REFERENCES public."Accountapp_addontable"(id) DEFERRABLE INITIALLY DEFERRED;


--
-- Name: Accountapp_carttable Accountapp_carttable_fooditem_id_d7fc3578_fk_Accountap; Type: FK CONSTRAINT; Schema: public; Owner: admin
--

ALTER TABLE ONLY public."Accountapp_carttable"
    ADD CONSTRAINT "Accountapp_carttable_fooditem_id_d7fc3578_fk_Accountap" FOREIGN KEY (fooditem_id) REFERENCES public."Accountapp_itemtable"(id) DEFERRABLE INITIALLY DEFERRED;


--
-- Name: Accountapp_carttable Accountapp_carttable_userid_id_8be8c1d9_fk_Accountap; Type: FK CONSTRAINT; Schema: public; Owner: admin
--

ALTER TABLE ONLY public."Accountapp_carttable"
    ADD CONSTRAINT "Accountapp_carttable_userid_id_8be8c1d9_fk_Accountap" FOREIGN KEY (userid_id) REFERENCES public."Accountapp_logintable"(id) DEFERRABLE INITIALLY DEFERRED;


--
-- Name: Accountapp_complainttable Accountapp_complaint_deliveryid_id_9423085f_fk_Accountap; Type: FK CONSTRAINT; Schema: public; Owner: admin
--

ALTER TABLE ONLY public."Accountapp_complainttable"
    ADD CONSTRAINT "Accountapp_complaint_deliveryid_id_9423085f_fk_Accountap" FOREIGN KEY (deliveryid_id) REFERENCES public."Accountapp_deliverytable"(id) DEFERRABLE INITIALLY DEFERRED;


--
-- Name: Accountapp_complainttable Accountapp_complaint_userid_id_0d705baa_fk_Accountap; Type: FK CONSTRAINT; Schema: public; Owner: admin
--

ALTER TABLE ONLY public."Accountapp_complainttable"
    ADD CONSTRAINT "Accountapp_complaint_userid_id_0d705baa_fk_Accountap" FOREIGN KEY (userid_id) REFERENCES public."Accountapp_logintable"(id) DEFERRABLE INITIALLY DEFERRED;


--
-- Name: Accountapp_deliveryboytable Accountapp_deliveryb_branch_id_9402dd98_fk_Accountap; Type: FK CONSTRAINT; Schema: public; Owner: admin
--

ALTER TABLE ONLY public."Accountapp_deliveryboytable"
    ADD CONSTRAINT "Accountapp_deliveryb_branch_id_9402dd98_fk_Accountap" FOREIGN KEY (branch_id) REFERENCES public."Accountapp_branchtable"(id) DEFERRABLE INITIALLY DEFERRED;


--
-- Name: Accountapp_deliveryboytable Accountapp_deliveryb_userid_id_ceba975d_fk_Accountap; Type: FK CONSTRAINT; Schema: public; Owner: admin
--

ALTER TABLE ONLY public."Accountapp_deliveryboytable"
    ADD CONSTRAINT "Accountapp_deliveryb_userid_id_ceba975d_fk_Accountap" FOREIGN KEY (userid_id) REFERENCES public."Accountapp_logintable"(id) DEFERRABLE INITIALLY DEFERRED;


--
-- Name: Accountapp_deliverytable Accountapp_deliveryt_address_id_33286450_fk_Accountap; Type: FK CONSTRAINT; Schema: public; Owner: admin
--

ALTER TABLE ONLY public."Accountapp_deliverytable"
    ADD CONSTRAINT "Accountapp_deliveryt_address_id_33286450_fk_Accountap" FOREIGN KEY (address_id) REFERENCES public."Accountapp_addresstable"(id) DEFERRABLE INITIALLY DEFERRED;


--
-- Name: Accountapp_deliverytable Accountapp_deliveryt_order_id_53899b2e_fk_Accountap; Type: FK CONSTRAINT; Schema: public; Owner: admin
--

ALTER TABLE ONLY public."Accountapp_deliverytable"
    ADD CONSTRAINT "Accountapp_deliveryt_order_id_53899b2e_fk_Accountap" FOREIGN KEY (order_id) REFERENCES public."Accountapp_ordertable"(id) DEFERRABLE INITIALLY DEFERRED;


--
-- Name: Accountapp_deliverytable Accountapp_deliveryt_userid_id_44a43d1a_fk_Accountap; Type: FK CONSTRAINT; Schema: public; Owner: admin
--

ALTER TABLE ONLY public."Accountapp_deliverytable"
    ADD CONSTRAINT "Accountapp_deliveryt_userid_id_44a43d1a_fk_Accountap" FOREIGN KEY (userid_id) REFERENCES public."Accountapp_logintable"(id) DEFERRABLE INITIALLY DEFERRED;


--
-- Name: Accountapp_diningtable Accountapp_diningtab_branch_id_34a81507_fk_Accountap; Type: FK CONSTRAINT; Schema: public; Owner: admin
--

ALTER TABLE ONLY public."Accountapp_diningtable"
    ADD CONSTRAINT "Accountapp_diningtab_branch_id_34a81507_fk_Accountap" FOREIGN KEY (branch_id) REFERENCES public."Accountapp_branchtable"(id) DEFERRABLE INITIALLY DEFERRED;


--
-- Name: Accountapp_feedbacktable Accountapp_feedbackt_userid_id_c4d89c76_fk_Accountap; Type: FK CONSTRAINT; Schema: public; Owner: admin
--

ALTER TABLE ONLY public."Accountapp_feedbacktable"
    ADD CONSTRAINT "Accountapp_feedbackt_userid_id_c4d89c76_fk_Accountap" FOREIGN KEY (userid_id) REFERENCES public."Accountapp_logintable"(id) DEFERRABLE INITIALLY DEFERRED;


--
-- Name: Accountapp_floortable Accountapp_floortabl_branch_id_6c03cafa_fk_Accountap; Type: FK CONSTRAINT; Schema: public; Owner: admin
--

ALTER TABLE ONLY public."Accountapp_floortable"
    ADD CONSTRAINT "Accountapp_floortabl_branch_id_6c03cafa_fk_Accountap" FOREIGN KEY (branch_id) REFERENCES public."Accountapp_branchtable"(id) DEFERRABLE INITIALLY DEFERRED;


--
-- Name: Accountapp_itemimagetable Accountapp_itemimage_item_id_7b1d310d_fk_Accountap; Type: FK CONSTRAINT; Schema: public; Owner: admin
--

ALTER TABLE ONLY public."Accountapp_itemimagetable"
    ADD CONSTRAINT "Accountapp_itemimage_item_id_7b1d310d_fk_Accountap" FOREIGN KEY (item_id) REFERENCES public."Accountapp_itemtable"(id) DEFERRABLE INITIALLY DEFERRED;


--
-- Name: Accountapp_itemtable_branches Accountapp_itemtable_branchtable_id_b93176ef_fk_Accountap; Type: FK CONSTRAINT; Schema: public; Owner: admin
--

ALTER TABLE ONLY public."Accountapp_itemtable_branches"
    ADD CONSTRAINT "Accountapp_itemtable_branchtable_id_b93176ef_fk_Accountap" FOREIGN KEY (branchtable_id) REFERENCES public."Accountapp_branchtable"(id) DEFERRABLE INITIALLY DEFERRED;


--
-- Name: Accountapp_itemtable Accountapp_itemtable_category_id_fce6aed5_fk_Accountap; Type: FK CONSTRAINT; Schema: public; Owner: admin
--

ALTER TABLE ONLY public."Accountapp_itemtable"
    ADD CONSTRAINT "Accountapp_itemtable_category_id_fce6aed5_fk_Accountap" FOREIGN KEY (category_id) REFERENCES public."Accountapp_categorytable"(id) DEFERRABLE INITIALLY DEFERRED;


--
-- Name: Accountapp_itemtable_branches Accountapp_itemtable_itemtable_id_00b08b53_fk_Accountap; Type: FK CONSTRAINT; Schema: public; Owner: admin
--

ALTER TABLE ONLY public."Accountapp_itemtable_branches"
    ADD CONSTRAINT "Accountapp_itemtable_itemtable_id_00b08b53_fk_Accountap" FOREIGN KEY (itemtable_id) REFERENCES public."Accountapp_itemtable"(id) DEFERRABLE INITIALLY DEFERRED;


--
-- Name: Accountapp_itemtable Accountapp_itemtable_subcategory_id_98dbf607_fk_Accountap; Type: FK CONSTRAINT; Schema: public; Owner: admin
--

ALTER TABLE ONLY public."Accountapp_itemtable"
    ADD CONSTRAINT "Accountapp_itemtable_subcategory_id_98dbf607_fk_Accountap" FOREIGN KEY (subcategory_id) REFERENCES public."Accountapp_subcategorytable"(id) DEFERRABLE INITIALLY DEFERRED;


--
-- Name: Accountapp_itemtable Accountapp_itemtable_subsubcategory_id_2469ac54_fk_Accountap; Type: FK CONSTRAINT; Schema: public; Owner: admin
--

ALTER TABLE ONLY public."Accountapp_itemtable"
    ADD CONSTRAINT "Accountapp_itemtable_subsubcategory_id_2469ac54_fk_Accountap" FOREIGN KEY (subsubcategory_id) REFERENCES public."Accountapp_subsubcategorytable"(id) DEFERRABLE INITIALLY DEFERRED;


--
-- Name: Accountapp_itemvarianttable Accountapp_itemvaria_item_id_afda7b97_fk_Accountap; Type: FK CONSTRAINT; Schema: public; Owner: admin
--

ALTER TABLE ONLY public."Accountapp_itemvarianttable"
    ADD CONSTRAINT "Accountapp_itemvaria_item_id_afda7b97_fk_Accountap" FOREIGN KEY (item_id) REFERENCES public."Accountapp_itemtable"(id) DEFERRABLE INITIALLY DEFERRED;


--
-- Name: Accountapp_logintable_groups Accountapp_logintabl_logintable_id_2c871a20_fk_Accountap; Type: FK CONSTRAINT; Schema: public; Owner: admin
--

ALTER TABLE ONLY public."Accountapp_logintable_groups"
    ADD CONSTRAINT "Accountapp_logintabl_logintable_id_2c871a20_fk_Accountap" FOREIGN KEY (logintable_id) REFERENCES public."Accountapp_logintable"(id) DEFERRABLE INITIALLY DEFERRED;


--
-- Name: Accountapp_logintable_user_roles Accountapp_logintabl_logintable_id_d0f2f1ce_fk_Accountap; Type: FK CONSTRAINT; Schema: public; Owner: admin
--

ALTER TABLE ONLY public."Accountapp_logintable_user_roles"
    ADD CONSTRAINT "Accountapp_logintabl_logintable_id_d0f2f1ce_fk_Accountap" FOREIGN KEY (logintable_id) REFERENCES public."Accountapp_logintable"(id) DEFERRABLE INITIALLY DEFERRED;


--
-- Name: Accountapp_logintable_user_permissions Accountapp_logintabl_logintable_id_f846ec1c_fk_Accountap; Type: FK CONSTRAINT; Schema: public; Owner: admin
--

ALTER TABLE ONLY public."Accountapp_logintable_user_permissions"
    ADD CONSTRAINT "Accountapp_logintabl_logintable_id_f846ec1c_fk_Accountap" FOREIGN KEY (logintable_id) REFERENCES public."Accountapp_logintable"(id) DEFERRABLE INITIALLY DEFERRED;


--
-- Name: Accountapp_logintable_user_permissions Accountapp_logintabl_permission_id_71acd612_fk_auth_perm; Type: FK CONSTRAINT; Schema: public; Owner: admin
--

ALTER TABLE ONLY public."Accountapp_logintable_user_permissions"
    ADD CONSTRAINT "Accountapp_logintabl_permission_id_71acd612_fk_auth_perm" FOREIGN KEY (permission_id) REFERENCES public.auth_permission(id) DEFERRABLE INITIALLY DEFERRED;


--
-- Name: Accountapp_logintable_user_roles Accountapp_logintabl_userrole_id_87d80dd7_fk_Accountap; Type: FK CONSTRAINT; Schema: public; Owner: admin
--

ALTER TABLE ONLY public."Accountapp_logintable_user_roles"
    ADD CONSTRAINT "Accountapp_logintabl_userrole_id_87d80dd7_fk_Accountap" FOREIGN KEY (userrole_id) REFERENCES public."Accountapp_userrole"(id) DEFERRABLE INITIALLY DEFERRED;


--
-- Name: Accountapp_logintable_groups Accountapp_logintable_groups_group_id_3a4353b6_fk_auth_group_id; Type: FK CONSTRAINT; Schema: public; Owner: admin
--

ALTER TABLE ONLY public."Accountapp_logintable_groups"
    ADD CONSTRAINT "Accountapp_logintable_groups_group_id_3a4353b6_fk_auth_group_id" FOREIGN KEY (group_id) REFERENCES public.auth_group(id) DEFERRABLE INITIALLY DEFERRED;


--
-- Name: Accountapp_managertable Accountapp_managerta_userid_id_c7076ae3_fk_Accountap; Type: FK CONSTRAINT; Schema: public; Owner: admin
--

ALTER TABLE ONLY public."Accountapp_managertable"
    ADD CONSTRAINT "Accountapp_managerta_userid_id_c7076ae3_fk_Accountap" FOREIGN KEY (userid_id) REFERENCES public."Accountapp_logintable"(id) DEFERRABLE INITIALLY DEFERRED;


--
-- Name: Accountapp_offertable Accountapp_offertabl_branch_id_d245ab71_fk_Accountap; Type: FK CONSTRAINT; Schema: public; Owner: admin
--

ALTER TABLE ONLY public."Accountapp_offertable"
    ADD CONSTRAINT "Accountapp_offertabl_branch_id_d245ab71_fk_Accountap" FOREIGN KEY (branch_id) REFERENCES public."Accountapp_branchtable"(id) DEFERRABLE INITIALLY DEFERRED;


--
-- Name: Accountapp_offertable Accountapp_offertabl_itemid_id_de453c37_fk_Accountap; Type: FK CONSTRAINT; Schema: public; Owner: admin
--

ALTER TABLE ONLY public."Accountapp_offertable"
    ADD CONSTRAINT "Accountapp_offertabl_itemid_id_de453c37_fk_Accountap" FOREIGN KEY (itemid_id) REFERENCES public."Accountapp_itemtable"(id) DEFERRABLE INITIALLY DEFERRED;


--
-- Name: Accountapp_orderitemtable Accountapp_orderitem_addon_id_5b5cde29_fk_Accountap; Type: FK CONSTRAINT; Schema: public; Owner: admin
--

ALTER TABLE ONLY public."Accountapp_orderitemtable"
    ADD CONSTRAINT "Accountapp_orderitem_addon_id_5b5cde29_fk_Accountap" FOREIGN KEY (addon_id) REFERENCES public."Accountapp_itemtable"(id) DEFERRABLE INITIALLY DEFERRED;


--
-- Name: Accountapp_orderitemtable Accountapp_orderitem_itemname_id_72201b2b_fk_Accountap; Type: FK CONSTRAINT; Schema: public; Owner: admin
--

ALTER TABLE ONLY public."Accountapp_orderitemtable"
    ADD CONSTRAINT "Accountapp_orderitem_itemname_id_72201b2b_fk_Accountap" FOREIGN KEY (itemname_id) REFERENCES public."Accountapp_itemtable"(id) DEFERRABLE INITIALLY DEFERRED;


--
-- Name: Accountapp_orderitemtable Accountapp_orderitem_order_id_3624bb87_fk_Accountap; Type: FK CONSTRAINT; Schema: public; Owner: admin
--

ALTER TABLE ONLY public."Accountapp_orderitemtable"
    ADD CONSTRAINT "Accountapp_orderitem_order_id_3624bb87_fk_Accountap" FOREIGN KEY (order_id) REFERENCES public."Accountapp_ordertable"(id) DEFERRABLE INITIALLY DEFERRED;


--
-- Name: Accountapp_ordertable Accountapp_ordertabl_branch_id_b4517bef_fk_Accountap; Type: FK CONSTRAINT; Schema: public; Owner: admin
--

ALTER TABLE ONLY public."Accountapp_ordertable"
    ADD CONSTRAINT "Accountapp_ordertabl_branch_id_b4517bef_fk_Accountap" FOREIGN KEY (branch_id) REFERENCES public."Accountapp_branchtable"(id) DEFERRABLE INITIALLY DEFERRED;


--
-- Name: Accountapp_ordertable Accountapp_ordertabl_deliveryid_id_e52b0869_fk_Accountap; Type: FK CONSTRAINT; Schema: public; Owner: admin
--

ALTER TABLE ONLY public."Accountapp_ordertable"
    ADD CONSTRAINT "Accountapp_ordertabl_deliveryid_id_e52b0869_fk_Accountap" FOREIGN KEY (deliveryid_id) REFERENCES public."Accountapp_logintable"(id) DEFERRABLE INITIALLY DEFERRED;


--
-- Name: Accountapp_ordertable Accountapp_ordertabl_userid_id_54509306_fk_Accountap; Type: FK CONSTRAINT; Schema: public; Owner: admin
--

ALTER TABLE ONLY public."Accountapp_ordertable"
    ADD CONSTRAINT "Accountapp_ordertabl_userid_id_54509306_fk_Accountap" FOREIGN KEY (userid_id) REFERENCES public."Accountapp_logintable"(id) DEFERRABLE INITIALLY DEFERRED;


--
-- Name: Accountapp_paymenttable Accountapp_paymentta_order_id_528701f0_fk_Accountap; Type: FK CONSTRAINT; Schema: public; Owner: admin
--

ALTER TABLE ONLY public."Accountapp_paymenttable"
    ADD CONSTRAINT "Accountapp_paymentta_order_id_528701f0_fk_Accountap" FOREIGN KEY (order_id) REFERENCES public."Accountapp_ordertable"(id) DEFERRABLE INITIALLY DEFERRED;


--
-- Name: Accountapp_printertable Accountapp_printerta_branch_id_cb8a2947_fk_Accountap; Type: FK CONSTRAINT; Schema: public; Owner: admin
--

ALTER TABLE ONLY public."Accountapp_printertable"
    ADD CONSTRAINT "Accountapp_printerta_branch_id_cb8a2947_fk_Accountap" FOREIGN KEY (branch_id) REFERENCES public."Accountapp_branchtable"(id) DEFERRABLE INITIALLY DEFERRED;


--
-- Name: Accountapp_printertable_subsubcategories Accountapp_printerta_printertable_id_87387341_fk_Accountap; Type: FK CONSTRAINT; Schema: public; Owner: admin
--

ALTER TABLE ONLY public."Accountapp_printertable_subsubcategories"
    ADD CONSTRAINT "Accountapp_printerta_printertable_id_87387341_fk_Accountap" FOREIGN KEY (printertable_id) REFERENCES public."Accountapp_printertable"(id) DEFERRABLE INITIALLY DEFERRED;


--
-- Name: Accountapp_printertable_subsubcategories Accountapp_printerta_subsubcategorytable__d64f3158_fk_Accountap; Type: FK CONSTRAINT; Schema: public; Owner: admin
--

ALTER TABLE ONLY public."Accountapp_printertable_subsubcategories"
    ADD CONSTRAINT "Accountapp_printerta_subsubcategorytable__d64f3158_fk_Accountap" FOREIGN KEY (subsubcategorytable_id) REFERENCES public."Accountapp_subsubcategorytable"(id) DEFERRABLE INITIALLY DEFERRED;


--
-- Name: Accountapp_profiletable Accountapp_profileta_address_id_81fe2977_fk_Accountap; Type: FK CONSTRAINT; Schema: public; Owner: admin
--

ALTER TABLE ONLY public."Accountapp_profiletable"
    ADD CONSTRAINT "Accountapp_profileta_address_id_81fe2977_fk_Accountap" FOREIGN KEY (address_id) REFERENCES public."Accountapp_addresstable"(id) DEFERRABLE INITIALLY DEFERRED;


--
-- Name: Accountapp_profiletable Accountapp_profileta_loginid_id_4803bc2a_fk_Accountap; Type: FK CONSTRAINT; Schema: public; Owner: admin
--

ALTER TABLE ONLY public."Accountapp_profiletable"
    ADD CONSTRAINT "Accountapp_profileta_loginid_id_4803bc2a_fk_Accountap" FOREIGN KEY (loginid_id) REFERENCES public."Accountapp_logintable"(id) DEFERRABLE INITIALLY DEFERRED;


--
-- Name: Accountapp_ratingtable Accountapp_ratingtab_itemid_id_ac552a50_fk_Accountap; Type: FK CONSTRAINT; Schema: public; Owner: admin
--

ALTER TABLE ONLY public."Accountapp_ratingtable"
    ADD CONSTRAINT "Accountapp_ratingtab_itemid_id_ac552a50_fk_Accountap" FOREIGN KEY (itemid_id) REFERENCES public."Accountapp_itemtable"(id) DEFERRABLE INITIALLY DEFERRED;


--
-- Name: Accountapp_ratingtable Accountapp_ratingtab_userid_id_1a75d3c1_fk_Accountap; Type: FK CONSTRAINT; Schema: public; Owner: admin
--

ALTER TABLE ONLY public."Accountapp_ratingtable"
    ADD CONSTRAINT "Accountapp_ratingtab_userid_id_1a75d3c1_fk_Accountap" FOREIGN KEY (userid_id) REFERENCES public."Accountapp_logintable"(id) DEFERRABLE INITIALLY DEFERRED;


--
-- Name: Accountapp_spotlighttable Accountapp_spotlight_branch_id_0284a8a0_fk_Accountap; Type: FK CONSTRAINT; Schema: public; Owner: admin
--

ALTER TABLE ONLY public."Accountapp_spotlighttable"
    ADD CONSTRAINT "Accountapp_spotlight_branch_id_0284a8a0_fk_Accountap" FOREIGN KEY (branch_id) REFERENCES public."Accountapp_branchtable"(id) DEFERRABLE INITIALLY DEFERRED;


--
-- Name: Accountapp_spotlighttable Accountapp_spotlight_category_id_6ff0f002_fk_Accountap; Type: FK CONSTRAINT; Schema: public; Owner: admin
--

ALTER TABLE ONLY public."Accountapp_spotlighttable"
    ADD CONSTRAINT "Accountapp_spotlight_category_id_6ff0f002_fk_Accountap" FOREIGN KEY (category_id) REFERENCES public."Accountapp_subcategorytable"(id) DEFERRABLE INITIALLY DEFERRED;


--
-- Name: Accountapp_subcategorytable Accountapp_subcatego_category_id_b3a342d0_fk_Accountap; Type: FK CONSTRAINT; Schema: public; Owner: admin
--

ALTER TABLE ONLY public."Accountapp_subcategorytable"
    ADD CONSTRAINT "Accountapp_subcatego_category_id_b3a342d0_fk_Accountap" FOREIGN KEY (category_id) REFERENCES public."Accountapp_categorytable"(id) DEFERRABLE INITIALLY DEFERRED;


--
-- Name: Accountapp_subsubcategorytable Accountapp_subsubcat_subcategory_id_93a319f4_fk_Accountap; Type: FK CONSTRAINT; Schema: public; Owner: admin
--

ALTER TABLE ONLY public."Accountapp_subsubcategorytable"
    ADD CONSTRAINT "Accountapp_subsubcat_subcategory_id_93a319f4_fk_Accountap" FOREIGN KEY (subcategory_id) REFERENCES public."Accountapp_subcategorytable"(id) DEFERRABLE INITIALLY DEFERRED;


--
-- Name: Accountapp_voicedescriptiontable Accountapp_voicedesc_item_id_27d7380b_fk_Accountap; Type: FK CONSTRAINT; Schema: public; Owner: admin
--

ALTER TABLE ONLY public."Accountapp_voicedescriptiontable"
    ADD CONSTRAINT "Accountapp_voicedesc_item_id_27d7380b_fk_Accountap" FOREIGN KEY (item_id) REFERENCES public."Accountapp_itemtable"(id) DEFERRABLE INITIALLY DEFERRED;


--
-- Name: Accountapp_vouchertable Accountapp_voucherta_userid_id_b430bda1_fk_Accountap; Type: FK CONSTRAINT; Schema: public; Owner: admin
--

ALTER TABLE ONLY public."Accountapp_vouchertable"
    ADD CONSTRAINT "Accountapp_voucherta_userid_id_b430bda1_fk_Accountap" FOREIGN KEY (userid_id) REFERENCES public."Accountapp_logintable"(id) DEFERRABLE INITIALLY DEFERRED;


--
-- Name: Accountapp_waitertable Accountapp_waitertab_userid_id_69d47ac3_fk_Accountap; Type: FK CONSTRAINT; Schema: public; Owner: admin
--

ALTER TABLE ONLY public."Accountapp_waitertable"
    ADD CONSTRAINT "Accountapp_waitertab_userid_id_69d47ac3_fk_Accountap" FOREIGN KEY (userid_id) REFERENCES public."Accountapp_logintable"(id) DEFERRABLE INITIALLY DEFERRED;


--
-- Name: Accountapp_wishlisttable Accountapp_wishlistt_fooditem_id_a6f319ef_fk_Accountap; Type: FK CONSTRAINT; Schema: public; Owner: admin
--

ALTER TABLE ONLY public."Accountapp_wishlisttable"
    ADD CONSTRAINT "Accountapp_wishlistt_fooditem_id_a6f319ef_fk_Accountap" FOREIGN KEY (fooditem_id) REFERENCES public."Accountapp_itemtable"(id) DEFERRABLE INITIALLY DEFERRED;


--
-- Name: Accountapp_wishlisttable Accountapp_wishlistt_userid_id_d3155e3f_fk_Accountap; Type: FK CONSTRAINT; Schema: public; Owner: admin
--

ALTER TABLE ONLY public."Accountapp_wishlisttable"
    ADD CONSTRAINT "Accountapp_wishlistt_userid_id_d3155e3f_fk_Accountap" FOREIGN KEY (userid_id) REFERENCES public."Accountapp_logintable"(id) DEFERRABLE INITIALLY DEFERRED;


--
-- Name: auth_group_permissions auth_group_permissio_permission_id_84c5c92e_fk_auth_perm; Type: FK CONSTRAINT; Schema: public; Owner: admin
--

ALTER TABLE ONLY public.auth_group_permissions
    ADD CONSTRAINT auth_group_permissio_permission_id_84c5c92e_fk_auth_perm FOREIGN KEY (permission_id) REFERENCES public.auth_permission(id) DEFERRABLE INITIALLY DEFERRED;


--
-- Name: auth_group_permissions auth_group_permissions_group_id_b120cbf9_fk_auth_group_id; Type: FK CONSTRAINT; Schema: public; Owner: admin
--

ALTER TABLE ONLY public.auth_group_permissions
    ADD CONSTRAINT auth_group_permissions_group_id_b120cbf9_fk_auth_group_id FOREIGN KEY (group_id) REFERENCES public.auth_group(id) DEFERRABLE INITIALLY DEFERRED;


--
-- Name: auth_permission auth_permission_content_type_id_2f476e4b_fk_django_co; Type: FK CONSTRAINT; Schema: public; Owner: admin
--

ALTER TABLE ONLY public.auth_permission
    ADD CONSTRAINT auth_permission_content_type_id_2f476e4b_fk_django_co FOREIGN KEY (content_type_id) REFERENCES public.django_content_type(id) DEFERRABLE INITIALLY DEFERRED;


--
-- Name: authtoken_token authtoken_token_user_id_35299eff_fk_Accountapp_logintable_id; Type: FK CONSTRAINT; Schema: public; Owner: admin
--

ALTER TABLE ONLY public.authtoken_token
    ADD CONSTRAINT "authtoken_token_user_id_35299eff_fk_Accountapp_logintable_id" FOREIGN KEY (user_id) REFERENCES public."Accountapp_logintable"(id) DEFERRABLE INITIALLY DEFERRED;


--
-- Name: django_admin_log django_admin_log_content_type_id_c4bce8eb_fk_django_co; Type: FK CONSTRAINT; Schema: public; Owner: admin
--

ALTER TABLE ONLY public.django_admin_log
    ADD CONSTRAINT django_admin_log_content_type_id_c4bce8eb_fk_django_co FOREIGN KEY (content_type_id) REFERENCES public.django_content_type(id) DEFERRABLE INITIALLY DEFERRED;


--
-- Name: django_admin_log django_admin_log_user_id_c564eba6_fk_Accountapp_logintable_id; Type: FK CONSTRAINT; Schema: public; Owner: admin
--

ALTER TABLE ONLY public.django_admin_log
    ADD CONSTRAINT "django_admin_log_user_id_c564eba6_fk_Accountapp_logintable_id" FOREIGN KEY (user_id) REFERENCES public."Accountapp_logintable"(id) DEFERRABLE INITIALLY DEFERRED;


--
-- PostgreSQL database dump complete
--

